supersource,count2
http://purl.obolibrary.org/obo/CHEBI_101086,2
http://purl.obolibrary.org/obo/CHEBI_101090,2
http://purl.obolibrary.org/obo/CHEBI_102248,2
http://purl.obolibrary.org/obo/CHEBI_102368,1
http://purl.obolibrary.org/obo/CHEBI_110725,1
http://purl.obolibrary.org/obo/CHEBI_130181,2
http://purl.obolibrary.org/obo/CHEBI_131186,2
http://purl.obolibrary.org/obo/CHEBI_131359,1
http://purl.obolibrary.org/obo/CHEBI_131492,1
http://purl.obolibrary.org/obo/CHEBI_131495,1
http://purl.obolibrary.org/obo/CHEBI_131509,2
http://purl.obolibrary.org/obo/CHEBI_131561,1
http://purl.obolibrary.org/obo/CHEBI_131604,129
http://purl.obolibrary.org/obo/CHEBI_131611,4
http://purl.obolibrary.org/obo/CHEBI_131699,9
http://purl.obolibrary.org/obo/CHEBI_131734,1
http://purl.obolibrary.org/obo/CHEBI_131770,3
http://purl.obolibrary.org/obo/CHEBI_131787,4
http://purl.obolibrary.org/obo/CHEBI_131789,1
http://purl.obolibrary.org/obo/CHEBI_131790,1
http://purl.obolibrary.org/obo/CHEBI_131791,1
http://purl.obolibrary.org/obo/CHEBI_131794,1
http://purl.obolibrary.org/obo/CHEBI_131795,2
http://purl.obolibrary.org/obo/CHEBI_131809,4
http://purl.obolibrary.org/obo/CHEBI_131844,1
http://purl.obolibrary.org/obo/CHEBI_13193,2
http://purl.obolibrary.org/obo/CHEBI_131961,1
http://purl.obolibrary.org/obo/CHEBI_132272,7
http://purl.obolibrary.org/obo/CHEBI_132365,3
http://purl.obolibrary.org/obo/CHEBI_132518,1
http://purl.obolibrary.org/obo/CHEBI_132608,1
http://purl.obolibrary.org/obo/CHEBI_132710,1
http://purl.obolibrary.org/obo/CHEBI_132717,9
http://purl.obolibrary.org/obo/CHEBI_132771,3
http://purl.obolibrary.org/obo/CHEBI_132772,1
http://purl.obolibrary.org/obo/CHEBI_132972,1
http://purl.obolibrary.org/obo/CHEBI_132992,8
http://purl.obolibrary.org/obo/CHEBI_133016,2
http://purl.obolibrary.org/obo/CHEBI_133022,1
http://purl.obolibrary.org/obo/CHEBI_133024,1
http://purl.obolibrary.org/obo/CHEBI_133106,5
http://purl.obolibrary.org/obo/CHEBI_133190,1
http://purl.obolibrary.org/obo/CHEBI_133811,1
http://purl.obolibrary.org/obo/CHEBI_133878,2
http://purl.obolibrary.org/obo/CHEBI_133891,1
http://purl.obolibrary.org/obo/CHEBI_133895,1
http://purl.obolibrary.org/obo/CHEBI_134083,1
http://purl.obolibrary.org/obo/CHEBI_134084,2
http://purl.obolibrary.org/obo/CHEBI_134108,1
http://purl.obolibrary.org/obo/CHEBI_134109,1
http://purl.obolibrary.org/obo/CHEBI_134173,1
http://purl.obolibrary.org/obo/CHEBI_134182,4
http://purl.obolibrary.org/obo/CHEBI_134545,1
http://purl.obolibrary.org/obo/CHEBI_136537,1
http://purl.obolibrary.org/obo/CHEBI_136580,1
http://purl.obolibrary.org/obo/CHEBI_136643,40
http://purl.obolibrary.org/obo/CHEBI_136644,9
http://purl.obolibrary.org/obo/CHEBI_136645,5
http://purl.obolibrary.org/obo/CHEBI_136646,29
http://purl.obolibrary.org/obo/CHEBI_136647,4
http://purl.obolibrary.org/obo/CHEBI_136648,1
http://purl.obolibrary.org/obo/CHEBI_136651,1
http://purl.obolibrary.org/obo/CHEBI_136859,213
http://purl.obolibrary.org/obo/CHEBI_136860,3
http://purl.obolibrary.org/obo/CHEBI_136984,1
http://purl.obolibrary.org/obo/CHEBI_137079,1
http://purl.obolibrary.org/obo/CHEBI_137114,2
http://purl.obolibrary.org/obo/CHEBI_137123,5
http://purl.obolibrary.org/obo/CHEBI_137401,1
http://purl.obolibrary.org/obo/CHEBI_137431,3
http://purl.obolibrary.org/obo/CHEBI_137514,3
http://purl.obolibrary.org/obo/CHEBI_137566,2
http://purl.obolibrary.org/obo/CHEBI_137626,2
http://purl.obolibrary.org/obo/CHEBI_137684,158
http://purl.obolibrary.org/obo/CHEBI_137736,1
http://purl.obolibrary.org/obo/CHEBI_138014,1
http://purl.obolibrary.org/obo/CHEBI_138015,21
http://purl.obolibrary.org/obo/CHEBI_138090,1
http://purl.obolibrary.org/obo/CHEBI_138103,9
http://purl.obolibrary.org/obo/CHEBI_138168,1
http://purl.obolibrary.org/obo/CHEBI_138208,23
http://purl.obolibrary.org/obo/CHEBI_138380,1
http://purl.obolibrary.org/obo/CHEBI_138381,1
http://purl.obolibrary.org/obo/CHEBI_138390,1
http://purl.obolibrary.org/obo/CHEBI_138416,1
http://purl.obolibrary.org/obo/CHEBI_138880,5
http://purl.obolibrary.org/obo/CHEBI_138887,1
http://purl.obolibrary.org/obo/CHEBI_138920,2
http://purl.obolibrary.org/obo/CHEBI_138921,1
http://purl.obolibrary.org/obo/CHEBI_138924,1
http://purl.obolibrary.org/obo/CHEBI_138925,1
http://purl.obolibrary.org/obo/CHEBI_138927,1
http://purl.obolibrary.org/obo/CHEBI_138928,1
http://purl.obolibrary.org/obo/CHEBI_138931,3
http://purl.obolibrary.org/obo/CHEBI_138938,1
http://purl.obolibrary.org/obo/CHEBI_138952,1
http://purl.obolibrary.org/obo/CHEBI_138953,1
http://purl.obolibrary.org/obo/CHEBI_138956,2
http://purl.obolibrary.org/obo/CHEBI_138977,5
http://purl.obolibrary.org/obo/CHEBI_139044,1
http://purl.obolibrary.org/obo/CHEBI_139055,1
http://purl.obolibrary.org/obo/CHEBI_139074,1
http://purl.obolibrary.org/obo/CHEBI_139084,2
http://purl.obolibrary.org/obo/CHEBI_139109,1
http://purl.obolibrary.org/obo/CHEBI_139153,1
http://purl.obolibrary.org/obo/CHEBI_139155,2
http://purl.obolibrary.org/obo/CHEBI_139180,1
http://purl.obolibrary.org/obo/CHEBI_139246,4
http://purl.obolibrary.org/obo/CHEBI_139338,2
http://purl.obolibrary.org/obo/CHEBI_139339,2
http://purl.obolibrary.org/obo/CHEBI_139361,5
http://purl.obolibrary.org/obo/CHEBI_139492,17
http://purl.obolibrary.org/obo/CHEBI_139503,5
http://purl.obolibrary.org/obo/CHEBI_139512,1
http://purl.obolibrary.org/obo/CHEBI_139556,2
http://purl.obolibrary.org/obo/CHEBI_139566,26
http://purl.obolibrary.org/obo/CHEBI_139584,1
http://purl.obolibrary.org/obo/CHEBI_139609,1
http://purl.obolibrary.org/obo/CHEBI_140061,2
http://purl.obolibrary.org/obo/CHEBI_140160,10
http://purl.obolibrary.org/obo/CHEBI_140165,37
http://purl.obolibrary.org/obo/CHEBI_140190,4
http://purl.obolibrary.org/obo/CHEBI_140378,1
http://purl.obolibrary.org/obo/CHEBI_140399,19
http://purl.obolibrary.org/obo/CHEBI_140482,1
http://purl.obolibrary.org/obo/CHEBI_140489,4
http://purl.obolibrary.org/obo/CHEBI_140535,4
http://purl.obolibrary.org/obo/CHEBI_140602,36
http://purl.obolibrary.org/obo/CHEBI_140701,1
http://purl.obolibrary.org/obo/CHEBI_140921,6
http://purl.obolibrary.org/obo/CHEBI_140922,4
http://purl.obolibrary.org/obo/CHEBI_140982,2
http://purl.obolibrary.org/obo/CHEBI_141000,1
http://purl.obolibrary.org/obo/CHEBI_141001,1
http://purl.obolibrary.org/obo/CHEBI_141153,5
http://purl.obolibrary.org/obo/CHEBI_141301,3
http://purl.obolibrary.org/obo/CHEBI_142184,1
http://purl.obolibrary.org/obo/CHEBI_142185,1
http://purl.obolibrary.org/obo/CHEBI_142480,1
http://purl.obolibrary.org/obo/CHEBI_142481,1
http://purl.obolibrary.org/obo/CHEBI_142581,1
http://purl.obolibrary.org/obo/CHEBI_142781,2
http://purl.obolibrary.org/obo/CHEBI_142782,3
http://purl.obolibrary.org/obo/CHEBI_142783,8
http://purl.obolibrary.org/obo/CHEBI_142790,2
http://purl.obolibrary.org/obo/CHEBI_143001,1
http://purl.obolibrary.org/obo/CHEBI_143002,1
http://purl.obolibrary.org/obo/CHEBI_143003,1
http://purl.obolibrary.org/obo/CHEBI_143130,1
http://purl.obolibrary.org/obo/CHEBI_143204,1
http://purl.obolibrary.org/obo/CHEBI_143231,30
http://purl.obolibrary.org/obo/CHEBI_143252,5
http://purl.obolibrary.org/obo/CHEBI_143828,1
http://purl.obolibrary.org/obo/CHEBI_143909,2
http://purl.obolibrary.org/obo/CHEBI_144064,1
http://purl.obolibrary.org/obo/CHEBI_144097,1
http://purl.obolibrary.org/obo/CHEBI_144099,1
http://purl.obolibrary.org/obo/CHEBI_144387,1
http://purl.obolibrary.org/obo/CHEBI_144455,1
http://purl.obolibrary.org/obo/CHEBI_144829,1
http://purl.obolibrary.org/obo/CHEBI_144895,1
http://purl.obolibrary.org/obo/CHEBI_144981,2
http://purl.obolibrary.org/obo/CHEBI_144987,2
http://purl.obolibrary.org/obo/CHEBI_144997,2
http://purl.obolibrary.org/obo/CHEBI_144998,1
http://purl.obolibrary.org/obo/CHEBI_145047,8
http://purl.obolibrary.org/obo/CHEBI_145253,2
http://purl.obolibrary.org/obo/CHEBI_145410,2
http://purl.obolibrary.org/obo/CHEBI_145425,2
http://purl.obolibrary.org/obo/CHEBI_145437,3
http://purl.obolibrary.org/obo/CHEBI_145438,2
http://purl.obolibrary.org/obo/CHEBI_145515,1
http://purl.obolibrary.org/obo/CHEBI_145807,1
http://purl.obolibrary.org/obo/CHEBI_145814,2
http://purl.obolibrary.org/obo/CHEBI_145947,2
http://purl.obolibrary.org/obo/CHEBI_145982,3
http://purl.obolibrary.org/obo/CHEBI_146223,1
http://purl.obolibrary.org/obo/CHEBI_15022,13
http://purl.obolibrary.org/obo/CHEBI_15339,15
http://purl.obolibrary.org/obo/CHEBI_17499,3
http://purl.obolibrary.org/obo/CHEBI_17654,3
http://purl.obolibrary.org/obo/CHEBI_17891,65
http://purl.obolibrary.org/obo/CHEBI_20569,1
http://purl.obolibrary.org/obo/CHEBI_20854,6
http://purl.obolibrary.org/obo/CHEBI_21241,3
http://purl.obolibrary.org/obo/CHEBI_22153,118
http://purl.obolibrary.org/obo/CHEBI_22180,24
http://purl.obolibrary.org/obo/CHEBI_22309,1
http://purl.obolibrary.org/obo/CHEBI_22333,56
http://purl.obolibrary.org/obo/CHEBI_22581,1
http://purl.obolibrary.org/obo/CHEBI_22583,27
http://purl.obolibrary.org/obo/CHEBI_22586,442
http://purl.obolibrary.org/obo/CHEBI_22587,370
http://purl.obolibrary.org/obo/CHEBI_22676,37
http://purl.obolibrary.org/obo/CHEBI_22695,9
http://purl.obolibrary.org/obo/CHEBI_22917,8
http://purl.obolibrary.org/obo/CHEBI_22986,3
http://purl.obolibrary.org/obo/CHEBI_23018,11
http://purl.obolibrary.org/obo/CHEBI_23092,5
http://purl.obolibrary.org/obo/CHEBI_23100,2
http://purl.obolibrary.org/obo/CHEBI_23240,10
http://purl.obolibrary.org/obo/CHEBI_23354,31
http://purl.obolibrary.org/obo/CHEBI_23357,228
http://purl.obolibrary.org/obo/CHEBI_23366,4
http://purl.obolibrary.org/obo/CHEBI_23529,1
http://purl.obolibrary.org/obo/CHEBI_23530,14
http://purl.obolibrary.org/obo/CHEBI_23582,4
http://purl.obolibrary.org/obo/CHEBI_23888,4637
http://purl.obolibrary.org/obo/CHEBI_23924,2212
http://purl.obolibrary.org/obo/CHEBI_24002,1
http://purl.obolibrary.org/obo/CHEBI_24020,4
http://purl.obolibrary.org/obo/CHEBI_24028,41
http://purl.obolibrary.org/obo/CHEBI_24127,285
http://purl.obolibrary.org/obo/CHEBI_24319,6
http://purl.obolibrary.org/obo/CHEBI_24432,20455
http://purl.obolibrary.org/obo/CHEBI_24527,285
http://purl.obolibrary.org/obo/CHEBI_24621,348
http://purl.obolibrary.org/obo/CHEBI_24850,14
http://purl.obolibrary.org/obo/CHEBI_24851,16
http://purl.obolibrary.org/obo/CHEBI_24852,230
http://purl.obolibrary.org/obo/CHEBI_24853,15
http://purl.obolibrary.org/obo/CHEBI_24869,60
http://purl.obolibrary.org/obo/CHEBI_24874,40
http://purl.obolibrary.org/obo/CHEBI_24937,13
http://purl.obolibrary.org/obo/CHEBI_24941,4
http://purl.obolibrary.org/obo/CHEBI_24942,5
http://purl.obolibrary.org/obo/CHEBI_25078,19
http://purl.obolibrary.org/obo/CHEBI_25212,15044
http://purl.obolibrary.org/obo/CHEBI_25355,57
http://purl.obolibrary.org/obo/CHEBI_25435,163
http://purl.obolibrary.org/obo/CHEBI_25442,50
http://purl.obolibrary.org/obo/CHEBI_25491,62
http://purl.obolibrary.org/obo/CHEBI_25512,21
http://purl.obolibrary.org/obo/CHEBI_25540,8
http://purl.obolibrary.org/obo/CHEBI_25573,1
http://purl.obolibrary.org/obo/CHEBI_25605,10
http://purl.obolibrary.org/obo/CHEBI_25728,10
http://purl.obolibrary.org/obo/CHEBI_25747,10
http://purl.obolibrary.org/obo/CHEBI_25943,1
http://purl.obolibrary.org/obo/CHEBI_25944,953
http://purl.obolibrary.org/obo/CHEBI_26013,43
http://purl.obolibrary.org/obo/CHEBI_26087,6
http://purl.obolibrary.org/obo/CHEBI_26088,1
http://purl.obolibrary.org/obo/CHEBI_26089,2
http://purl.obolibrary.org/obo/CHEBI_26115,20
http://purl.obolibrary.org/obo/CHEBI_26130,34
http://purl.obolibrary.org/obo/CHEBI_26155,116
http://purl.obolibrary.org/obo/CHEBI_26157,2
http://purl.obolibrary.org/obo/CHEBI_26220,4
http://purl.obolibrary.org/obo/CHEBI_26348,15
http://purl.obolibrary.org/obo/CHEBI_26413,43
http://purl.obolibrary.org/obo/CHEBI_26645,93
http://purl.obolibrary.org/obo/CHEBI_26672,38
http://purl.obolibrary.org/obo/CHEBI_26841,30
http://purl.obolibrary.org/obo/CHEBI_27026,155
http://purl.obolibrary.org/obo/CHEBI_27027,70
http://purl.obolibrary.org/obo/CHEBI_27311,99
http://purl.obolibrary.org/obo/CHEBI_27314,19
http://purl.obolibrary.org/obo/CHEBI_27780,14
http://purl.obolibrary.org/obo/CHEBI_33229,29
http://purl.obolibrary.org/obo/CHEBI_33231,45
http://purl.obolibrary.org/obo/CHEBI_33232,7120
http://purl.obolibrary.org/obo/CHEBI_33280,504
http://purl.obolibrary.org/obo/CHEBI_33281,2089
http://purl.obolibrary.org/obo/CHEBI_33282,678
http://purl.obolibrary.org/obo/CHEBI_33284,83
http://purl.obolibrary.org/obo/CHEBI_33286,554
http://purl.obolibrary.org/obo/CHEBI_33287,17
http://purl.obolibrary.org/obo/CHEBI_33288,11
http://purl.obolibrary.org/obo/CHEBI_33289,15
http://purl.obolibrary.org/obo/CHEBI_33292,5
http://purl.obolibrary.org/obo/CHEBI_33295,82
http://purl.obolibrary.org/obo/CHEBI_33893,79
http://purl.obolibrary.org/obo/CHEBI_33904,9
http://purl.obolibrary.org/obo/CHEBI_33937,9
http://purl.obolibrary.org/obo/CHEBI_35195,66
http://purl.obolibrary.org/obo/CHEBI_35204,6
http://purl.obolibrary.org/obo/CHEBI_35206,1
http://purl.obolibrary.org/obo/CHEBI_35207,2
http://purl.obolibrary.org/obo/CHEBI_35208,1
http://purl.obolibrary.org/obo/CHEBI_35209,1
http://purl.obolibrary.org/obo/CHEBI_35211,1
http://purl.obolibrary.org/obo/CHEBI_35219,22
http://purl.obolibrary.org/obo/CHEBI_35221,77
http://purl.obolibrary.org/obo/CHEBI_35222,2396
http://purl.obolibrary.org/obo/CHEBI_35223,16
http://purl.obolibrary.org/obo/CHEBI_35224,26
http://purl.obolibrary.org/obo/CHEBI_35225,33
http://purl.obolibrary.org/obo/CHEBI_35230,1
http://purl.obolibrary.org/obo/CHEBI_35232,5
http://purl.obolibrary.org/obo/CHEBI_35337,25
http://purl.obolibrary.org/obo/CHEBI_35441,843
http://purl.obolibrary.org/obo/CHEBI_35442,361
http://purl.obolibrary.org/obo/CHEBI_35443,59
http://purl.obolibrary.org/obo/CHEBI_35444,24
http://purl.obolibrary.org/obo/CHEBI_35457,39
http://purl.obolibrary.org/obo/CHEBI_35469,103
http://purl.obolibrary.org/obo/CHEBI_35470,395
http://purl.obolibrary.org/obo/CHEBI_35471,246
http://purl.obolibrary.org/obo/CHEBI_35472,217
http://purl.obolibrary.org/obo/CHEBI_35473,136
http://purl.obolibrary.org/obo/CHEBI_35474,55
http://purl.obolibrary.org/obo/CHEBI_35475,159
http://purl.obolibrary.org/obo/CHEBI_35476,77
http://purl.obolibrary.org/obo/CHEBI_35477,7
http://purl.obolibrary.org/obo/CHEBI_35480,212
http://purl.obolibrary.org/obo/CHEBI_35481,115
http://purl.obolibrary.org/obo/CHEBI_35482,56
http://purl.obolibrary.org/obo/CHEBI_35487,7
http://purl.obolibrary.org/obo/CHEBI_35488,264
http://purl.obolibrary.org/obo/CHEBI_35493,58
http://purl.obolibrary.org/obo/CHEBI_35497,19
http://purl.obolibrary.org/obo/CHEBI_35498,35
http://purl.obolibrary.org/obo/CHEBI_35499,15
http://purl.obolibrary.org/obo/CHEBI_35522,43
http://purl.obolibrary.org/obo/CHEBI_35523,63
http://purl.obolibrary.org/obo/CHEBI_35524,43
http://purl.obolibrary.org/obo/CHEBI_35526,99
http://purl.obolibrary.org/obo/CHEBI_35530,46
http://purl.obolibrary.org/obo/CHEBI_35544,141
http://purl.obolibrary.org/obo/CHEBI_35554,397
http://purl.obolibrary.org/obo/CHEBI_35569,25
http://purl.obolibrary.org/obo/CHEBI_35608,15
http://purl.obolibrary.org/obo/CHEBI_35610,1589
http://purl.obolibrary.org/obo/CHEBI_35617,101
http://purl.obolibrary.org/obo/CHEBI_35620,132
http://purl.obolibrary.org/obo/CHEBI_35623,84
http://purl.obolibrary.org/obo/CHEBI_35625,12
http://purl.obolibrary.org/obo/CHEBI_35634,9
http://purl.obolibrary.org/obo/CHEBI_35640,28
http://purl.obolibrary.org/obo/CHEBI_35660,24
http://purl.obolibrary.org/obo/CHEBI_35664,9
http://purl.obolibrary.org/obo/CHEBI_35674,183
http://purl.obolibrary.org/obo/CHEBI_35678,15
http://purl.obolibrary.org/obo/CHEBI_35679,48
http://purl.obolibrary.org/obo/CHEBI_35684,11
http://purl.obolibrary.org/obo/CHEBI_35703,360
http://purl.obolibrary.org/obo/CHEBI_35705,65
http://purl.obolibrary.org/obo/CHEBI_35717,72
http://purl.obolibrary.org/obo/CHEBI_35718,626
http://purl.obolibrary.org/obo/CHEBI_35816,8
http://purl.obolibrary.org/obo/CHEBI_35818,6
http://purl.obolibrary.org/obo/CHEBI_35820,297
http://purl.obolibrary.org/obo/CHEBI_35821,24
http://purl.obolibrary.org/obo/CHEBI_35841,6
http://purl.obolibrary.org/obo/CHEBI_35842,186
http://purl.obolibrary.org/obo/CHEBI_35845,11
http://purl.obolibrary.org/obo/CHEBI_35846,10
http://purl.obolibrary.org/obo/CHEBI_35856,52
http://purl.obolibrary.org/obo/CHEBI_35941,59
http://purl.obolibrary.org/obo/CHEBI_35942,750
http://purl.obolibrary.org/obo/CHEBI_36043,671
http://purl.obolibrary.org/obo/CHEBI_36044,105
http://purl.obolibrary.org/obo/CHEBI_36047,307
http://purl.obolibrary.org/obo/CHEBI_36050,2
http://purl.obolibrary.org/obo/CHEBI_36051,2
http://purl.obolibrary.org/obo/CHEBI_36053,1
http://purl.obolibrary.org/obo/CHEBI_36063,10
http://purl.obolibrary.org/obo/CHEBI_36333,51
http://purl.obolibrary.org/obo/CHEBI_36335,40
http://purl.obolibrary.org/obo/CHEBI_36413,12
http://purl.obolibrary.org/obo/CHEBI_36710,1
http://purl.obolibrary.org/obo/CHEBI_37153,12
http://purl.obolibrary.org/obo/CHEBI_37334,47
http://purl.obolibrary.org/obo/CHEBI_37335,12
http://purl.obolibrary.org/obo/CHEBI_37336,9
http://purl.obolibrary.org/obo/CHEBI_37337,3
http://purl.obolibrary.org/obo/CHEBI_37338,24
http://purl.obolibrary.org/obo/CHEBI_37416,7
http://purl.obolibrary.org/obo/CHEBI_37527,44
http://purl.obolibrary.org/obo/CHEBI_37670,113
http://purl.obolibrary.org/obo/CHEBI_37699,304
http://purl.obolibrary.org/obo/CHEBI_37700,20
http://purl.obolibrary.org/obo/CHEBI_37733,69
http://purl.obolibrary.org/obo/CHEBI_37848,75
http://purl.obolibrary.org/obo/CHEBI_37886,68
http://purl.obolibrary.org/obo/CHEBI_37887,108
http://purl.obolibrary.org/obo/CHEBI_37890,43
http://purl.obolibrary.org/obo/CHEBI_37930,19
http://purl.obolibrary.org/obo/CHEBI_37955,75
http://purl.obolibrary.org/obo/CHEBI_37956,114
http://purl.obolibrary.org/obo/CHEBI_37957,126
http://purl.obolibrary.org/obo/CHEBI_37958,695
http://purl.obolibrary.org/obo/CHEBI_37961,9
http://purl.obolibrary.org/obo/CHEBI_37962,224
http://purl.obolibrary.org/obo/CHEBI_38060,1
http://purl.obolibrary.org/obo/CHEBI_38068,146
http://purl.obolibrary.org/obo/CHEBI_38070,72
http://purl.obolibrary.org/obo/CHEBI_38147,24
http://purl.obolibrary.org/obo/CHEBI_38155,2
http://purl.obolibrary.org/obo/CHEBI_38157,62
http://purl.obolibrary.org/obo/CHEBI_38161,113
http://purl.obolibrary.org/obo/CHEBI_38215,45
http://purl.obolibrary.org/obo/CHEBI_38231,51
http://purl.obolibrary.org/obo/CHEBI_38234,19
http://purl.obolibrary.org/obo/CHEBI_38317,16
http://purl.obolibrary.org/obo/CHEBI_38323,181
http://purl.obolibrary.org/obo/CHEBI_38324,38
http://purl.obolibrary.org/obo/CHEBI_38325,12
http://purl.obolibrary.org/obo/CHEBI_38456,3
http://purl.obolibrary.org/obo/CHEBI_38461,24
http://purl.obolibrary.org/obo/CHEBI_38462,151
http://purl.obolibrary.org/obo/CHEBI_38496,69
http://purl.obolibrary.org/obo/CHEBI_38497,63
http://purl.obolibrary.org/obo/CHEBI_38498,9
http://purl.obolibrary.org/obo/CHEBI_38499,29
http://purl.obolibrary.org/obo/CHEBI_38500,4
http://purl.obolibrary.org/obo/CHEBI_38502,29
http://purl.obolibrary.org/obo/CHEBI_38503,16
http://purl.obolibrary.org/obo/CHEBI_38623,25
http://purl.obolibrary.org/obo/CHEBI_38632,261
http://purl.obolibrary.org/obo/CHEBI_38633,26
http://purl.obolibrary.org/obo/CHEBI_38634,3
http://purl.obolibrary.org/obo/CHEBI_38637,107
http://purl.obolibrary.org/obo/CHEBI_38706,6
http://purl.obolibrary.org/obo/CHEBI_38807,7
http://purl.obolibrary.org/obo/CHEBI_38808,70
http://purl.obolibrary.org/obo/CHEBI_38809,12
http://purl.obolibrary.org/obo/CHEBI_38828,19
http://purl.obolibrary.org/obo/CHEBI_38849,10
http://purl.obolibrary.org/obo/CHEBI_38867,96
http://purl.obolibrary.org/obo/CHEBI_38869,37
http://purl.obolibrary.org/obo/CHEBI_38870,11
http://purl.obolibrary.org/obo/CHEBI_38877,19
http://purl.obolibrary.org/obo/CHEBI_38941,10
http://purl.obolibrary.org/obo/CHEBI_38956,2
http://purl.obolibrary.org/obo/CHEBI_38999,8
http://purl.obolibrary.org/obo/CHEBI_39000,70
http://purl.obolibrary.org/obo/CHEBI_39011,11
http://purl.obolibrary.org/obo/CHEBI_39116,40
http://purl.obolibrary.org/obo/CHEBI_39141,35
http://purl.obolibrary.org/obo/CHEBI_39142,3
http://purl.obolibrary.org/obo/CHEBI_39143,9
http://purl.obolibrary.org/obo/CHEBI_39144,5
http://purl.obolibrary.org/obo/CHEBI_39208,4
http://purl.obolibrary.org/obo/CHEBI_39215,6
http://purl.obolibrary.org/obo/CHEBI_39216,1
http://purl.obolibrary.org/obo/CHEBI_39217,1
http://purl.obolibrary.org/obo/CHEBI_39259,13
http://purl.obolibrary.org/obo/CHEBI_39276,13
http://purl.obolibrary.org/obo/CHEBI_39277,6
http://purl.obolibrary.org/obo/CHEBI_39301,1
http://purl.obolibrary.org/obo/CHEBI_39316,5
http://purl.obolibrary.org/obo/CHEBI_39317,148
http://purl.obolibrary.org/obo/CHEBI_39318,1
http://purl.obolibrary.org/obo/CHEBI_39351,3
http://purl.obolibrary.org/obo/CHEBI_39369,1
http://purl.obolibrary.org/obo/CHEBI_39378,1
http://purl.obolibrary.org/obo/CHEBI_39379,1
http://purl.obolibrary.org/obo/CHEBI_39412,2
http://purl.obolibrary.org/obo/CHEBI_39415,1
http://purl.obolibrary.org/obo/CHEBI_39442,29
http://purl.obolibrary.org/obo/CHEBI_39456,29
http://purl.obolibrary.org/obo/CHEBI_46787,92
http://purl.obolibrary.org/obo/CHEBI_47867,175
http://purl.obolibrary.org/obo/CHEBI_47868,31
http://purl.obolibrary.org/obo/CHEBI_47958,26
http://purl.obolibrary.org/obo/CHEBI_48001,40
http://purl.obolibrary.org/obo/CHEBI_48218,38
http://purl.obolibrary.org/obo/CHEBI_48219,20
http://purl.obolibrary.org/obo/CHEBI_48278,175
http://purl.obolibrary.org/obo/CHEBI_48279,89
http://purl.obolibrary.org/obo/CHEBI_48318,84
http://purl.obolibrary.org/obo/CHEBI_48353,4
http://purl.obolibrary.org/obo/CHEBI_48354,51
http://purl.obolibrary.org/obo/CHEBI_48355,21
http://purl.obolibrary.org/obo/CHEBI_48356,24
http://purl.obolibrary.org/obo/CHEBI_48357,21
http://purl.obolibrary.org/obo/CHEBI_48358,21
http://purl.obolibrary.org/obo/CHEBI_48359,2
http://purl.obolibrary.org/obo/CHEBI_48360,2
http://purl.obolibrary.org/obo/CHEBI_48406,2
http://purl.obolibrary.org/obo/CHEBI_48407,45
http://purl.obolibrary.org/obo/CHEBI_48422,52
http://purl.obolibrary.org/obo/CHEBI_48425,6
http://purl.obolibrary.org/obo/CHEBI_48525,2
http://purl.obolibrary.org/obo/CHEBI_48539,70
http://purl.obolibrary.org/obo/CHEBI_48540,89
http://purl.obolibrary.org/obo/CHEBI_48550,20
http://purl.obolibrary.org/obo/CHEBI_48560,126
http://purl.obolibrary.org/obo/CHEBI_48561,61
http://purl.obolibrary.org/obo/CHEBI_48578,111
http://purl.obolibrary.org/obo/CHEBI_48668,3
http://purl.obolibrary.org/obo/CHEBI_48675,4
http://purl.obolibrary.org/obo/CHEBI_48676,7
http://purl.obolibrary.org/obo/CHEBI_48705,571
http://purl.obolibrary.org/obo/CHEBI_48706,428
http://purl.obolibrary.org/obo/CHEBI_48873,133
http://purl.obolibrary.org/obo/CHEBI_48876,95
http://purl.obolibrary.org/obo/CHEBI_48878,17
http://purl.obolibrary.org/obo/CHEBI_48887,22
http://purl.obolibrary.org/obo/CHEBI_49020,85
http://purl.obolibrary.org/obo/CHEBI_49023,6
http://purl.obolibrary.org/obo/CHEBI_49103,144
http://purl.obolibrary.org/obo/CHEBI_49110,25
http://purl.obolibrary.org/obo/CHEBI_49159,9
http://purl.obolibrary.org/obo/CHEBI_49167,44
http://purl.obolibrary.org/obo/CHEBI_49200,11
http://purl.obolibrary.org/obo/CHEBI_49201,39
http://purl.obolibrary.org/obo/CHEBI_49205,3
http://purl.obolibrary.org/obo/CHEBI_49323,22
http://purl.obolibrary.org/obo/CHEBI_49324,16
http://purl.obolibrary.org/obo/CHEBI_49325,14
http://purl.obolibrary.org/obo/CHEBI_49326,13
http://purl.obolibrary.org/obo/CHEBI_50103,7
http://purl.obolibrary.org/obo/CHEBI_50112,252
http://purl.obolibrary.org/obo/CHEBI_50113,164
http://purl.obolibrary.org/obo/CHEBI_50114,68
http://purl.obolibrary.org/obo/CHEBI_50137,7
http://purl.obolibrary.org/obo/CHEBI_50141,7
http://purl.obolibrary.org/obo/CHEBI_50176,15
http://purl.obolibrary.org/obo/CHEBI_50177,84
http://purl.obolibrary.org/obo/CHEBI_50183,33
http://purl.obolibrary.org/obo/CHEBI_50184,3
http://purl.obolibrary.org/obo/CHEBI_50185,8
http://purl.obolibrary.org/obo/CHEBI_50188,6
http://purl.obolibrary.org/obo/CHEBI_50218,35
http://purl.obolibrary.org/obo/CHEBI_50241,4
http://purl.obolibrary.org/obo/CHEBI_50242,4
http://purl.obolibrary.org/obo/CHEBI_50247,33
http://purl.obolibrary.org/obo/CHEBI_50248,146
http://purl.obolibrary.org/obo/CHEBI_50249,57
http://purl.obolibrary.org/obo/CHEBI_50266,172
http://purl.obolibrary.org/obo/CHEBI_50267,251
http://purl.obolibrary.org/obo/CHEBI_50268,19
http://purl.obolibrary.org/obo/CHEBI_50269,2
http://purl.obolibrary.org/obo/CHEBI_50276,30
http://purl.obolibrary.org/obo/CHEBI_50370,22
http://purl.obolibrary.org/obo/CHEBI_50382,5
http://purl.obolibrary.org/obo/CHEBI_50390,7
http://purl.obolibrary.org/obo/CHEBI_50406,38
http://purl.obolibrary.org/obo/CHEBI_50407,11
http://purl.obolibrary.org/obo/CHEBI_50408,120
http://purl.obolibrary.org/obo/CHEBI_50410,119
http://purl.obolibrary.org/obo/CHEBI_50411,105
http://purl.obolibrary.org/obo/CHEBI_50412,9
http://purl.obolibrary.org/obo/CHEBI_50423,2
http://purl.obolibrary.org/obo/CHEBI_50427,94
http://purl.obolibrary.org/obo/CHEBI_50433,5
http://purl.obolibrary.org/obo/CHEBI_50444,1
http://purl.obolibrary.org/obo/CHEBI_50445,6
http://purl.obolibrary.org/obo/CHEBI_50469,9
http://purl.obolibrary.org/obo/CHEBI_50502,14
http://purl.obolibrary.org/obo/CHEBI_50503,17
http://purl.obolibrary.org/obo/CHEBI_50504,1
http://purl.obolibrary.org/obo/CHEBI_50505,26
http://purl.obolibrary.org/obo/CHEBI_50507,13
http://purl.obolibrary.org/obo/CHEBI_50509,19
http://purl.obolibrary.org/obo/CHEBI_50510,25
http://purl.obolibrary.org/obo/CHEBI_50513,7
http://purl.obolibrary.org/obo/CHEBI_50514,43
http://purl.obolibrary.org/obo/CHEBI_50533,2
http://purl.obolibrary.org/obo/CHEBI_50566,12
http://purl.obolibrary.org/obo/CHEBI_50568,3
http://purl.obolibrary.org/obo/CHEBI_50627,8
http://purl.obolibrary.org/obo/CHEBI_50629,83
http://purl.obolibrary.org/obo/CHEBI_50630,47
http://purl.obolibrary.org/obo/CHEBI_50635,4
http://purl.obolibrary.org/obo/CHEBI_50643,2
http://purl.obolibrary.org/obo/CHEBI_50646,40
http://purl.obolibrary.org/obo/CHEBI_50664,12
http://purl.obolibrary.org/obo/CHEBI_50671,6
http://purl.obolibrary.org/obo/CHEBI_50683,17
http://purl.obolibrary.org/obo/CHEBI_50684,12
http://purl.obolibrary.org/obo/CHEBI_50685,5
http://purl.obolibrary.org/obo/CHEBI_50689,35
http://purl.obolibrary.org/obo/CHEBI_50691,8
http://purl.obolibrary.org/obo/CHEBI_50696,2
http://purl.obolibrary.org/obo/CHEBI_50733,72
http://purl.obolibrary.org/obo/CHEBI_50739,9
http://purl.obolibrary.org/obo/CHEBI_50741,2
http://purl.obolibrary.org/obo/CHEBI_50745,21
http://purl.obolibrary.org/obo/CHEBI_50748,12
http://purl.obolibrary.org/obo/CHEBI_50750,38
http://purl.obolibrary.org/obo/CHEBI_50751,12
http://purl.obolibrary.org/obo/CHEBI_50779,2
http://purl.obolibrary.org/obo/CHEBI_50780,15
http://purl.obolibrary.org/obo/CHEBI_50781,7
http://purl.obolibrary.org/obo/CHEBI_50788,1
http://purl.obolibrary.org/obo/CHEBI_50790,11
http://purl.obolibrary.org/obo/CHEBI_50792,6
http://purl.obolibrary.org/obo/CHEBI_50827,1
http://purl.obolibrary.org/obo/CHEBI_50837,7
http://purl.obolibrary.org/obo/CHEBI_50843,3
http://purl.obolibrary.org/obo/CHEBI_50844,3
http://purl.obolibrary.org/obo/CHEBI_50846,109
http://purl.obolibrary.org/obo/CHEBI_50847,14
http://purl.obolibrary.org/obo/CHEBI_50855,3
http://purl.obolibrary.org/obo/CHEBI_50857,70
http://purl.obolibrary.org/obo/CHEBI_50864,5
http://purl.obolibrary.org/obo/CHEBI_50902,191
http://purl.obolibrary.org/obo/CHEBI_50903,159
http://purl.obolibrary.org/obo/CHEBI_50904,314
http://purl.obolibrary.org/obo/CHEBI_50905,44
http://purl.obolibrary.org/obo/CHEBI_50906,22432
http://purl.obolibrary.org/obo/CHEBI_50908,45
http://purl.obolibrary.org/obo/CHEBI_50909,10
http://purl.obolibrary.org/obo/CHEBI_50910,77
http://purl.obolibrary.org/obo/CHEBI_50912,6
http://purl.obolibrary.org/obo/CHEBI_50913,5
http://purl.obolibrary.org/obo/CHEBI_50914,20
http://purl.obolibrary.org/obo/CHEBI_50916,24
http://purl.obolibrary.org/obo/CHEBI_50919,60
http://purl.obolibrary.org/obo/CHEBI_50925,39
http://purl.obolibrary.org/obo/CHEBI_50926,26
http://purl.obolibrary.org/obo/CHEBI_50927,1
http://purl.obolibrary.org/obo/CHEBI_50949,42
http://purl.obolibrary.org/obo/CHEBI_51039,19
http://purl.obolibrary.org/obo/CHEBI_51060,16
http://purl.obolibrary.org/obo/CHEBI_51061,123
http://purl.obolibrary.org/obo/CHEBI_51065,33
http://purl.obolibrary.org/obo/CHEBI_51068,5
http://purl.obolibrary.org/obo/CHEBI_51076,10
http://purl.obolibrary.org/obo/CHEBI_51086,1272
http://purl.obolibrary.org/obo/CHEBI_51087,18
http://purl.obolibrary.org/obo/CHEBI_51121,564
http://purl.obolibrary.org/obo/CHEBI_51177,33
http://purl.obolibrary.org/obo/CHEBI_51217,551
http://purl.obolibrary.org/obo/CHEBI_51237,2
http://purl.obolibrary.org/obo/CHEBI_51371,91
http://purl.obolibrary.org/obo/CHEBI_51372,96
http://purl.obolibrary.org/obo/CHEBI_51373,14
http://purl.obolibrary.org/obo/CHEBI_51374,46
http://purl.obolibrary.org/obo/CHEBI_51451,5
http://purl.obolibrary.org/obo/CHEBI_51577,1
http://purl.obolibrary.org/obo/CHEBI_52206,16844
http://purl.obolibrary.org/obo/CHEBI_52208,308
http://purl.obolibrary.org/obo/CHEBI_52209,760
http://purl.obolibrary.org/obo/CHEBI_52210,1741
http://purl.obolibrary.org/obo/CHEBI_52211,295
http://purl.obolibrary.org/obo/CHEBI_52214,119
http://purl.obolibrary.org/obo/CHEBI_52215,34
http://purl.obolibrary.org/obo/CHEBI_52216,19
http://purl.obolibrary.org/obo/CHEBI_52217,4711
http://purl.obolibrary.org/obo/CHEBI_52271,1
http://purl.obolibrary.org/obo/CHEBI_52290,9
http://purl.obolibrary.org/obo/CHEBI_52303,2
http://purl.obolibrary.org/obo/CHEBI_52424,74
http://purl.obolibrary.org/obo/CHEBI_52425,24
http://purl.obolibrary.org/obo/CHEBI_52629,47
http://purl.obolibrary.org/obo/CHEBI_52726,24
http://purl.obolibrary.org/obo/CHEBI_52941,1
http://purl.obolibrary.org/obo/CHEBI_52943,2
http://purl.obolibrary.org/obo/CHEBI_53000,644
http://purl.obolibrary.org/obo/CHEBI_53121,4
http://purl.obolibrary.org/obo/CHEBI_53142,1
http://purl.obolibrary.org/obo/CHEBI_53337,2
http://purl.obolibrary.org/obo/CHEBI_53353,1
http://purl.obolibrary.org/obo/CHEBI_53431,1
http://purl.obolibrary.org/obo/CHEBI_53559,15
http://purl.obolibrary.org/obo/CHEBI_53659,1
http://purl.obolibrary.org/obo/CHEBI_53746,5
http://purl.obolibrary.org/obo/CHEBI_53756,43
http://purl.obolibrary.org/obo/CHEBI_53784,37
http://purl.obolibrary.org/obo/CHEBI_55322,31
http://purl.obolibrary.org/obo/CHEBI_55323,11
http://purl.obolibrary.org/obo/CHEBI_55324,35
http://purl.obolibrary.org/obo/CHEBI_55347,6
http://purl.obolibrary.org/obo/CHEBI_55350,8
http://purl.obolibrary.org/obo/CHEBI_55351,1
http://purl.obolibrary.org/obo/CHEBI_59010,6
http://purl.obolibrary.org/obo/CHEBI_59105,2
http://purl.obolibrary.org/obo/CHEBI_59107,20
http://purl.obolibrary.org/obo/CHEBI_59132,172
http://purl.obolibrary.org/obo/CHEBI_59163,50
http://purl.obolibrary.org/obo/CHEBI_59174,119
http://purl.obolibrary.org/obo/CHEBI_59229,2
http://purl.obolibrary.org/obo/CHEBI_5924,78
http://purl.obolibrary.org/obo/CHEBI_59282,13
http://purl.obolibrary.org/obo/CHEBI_59283,3
http://purl.obolibrary.org/obo/CHEBI_59285,7
http://purl.obolibrary.org/obo/CHEBI_59321,4
http://purl.obolibrary.org/obo/CHEBI_59499,2
http://purl.obolibrary.org/obo/CHEBI_59517,36
http://purl.obolibrary.org/obo/CHEBI_59544,13
http://purl.obolibrary.org/obo/CHEBI_59647,4
http://purl.obolibrary.org/obo/CHEBI_59672,4
http://purl.obolibrary.org/obo/CHEBI_59680,2
http://purl.obolibrary.org/obo/CHEBI_59683,30
http://purl.obolibrary.org/obo/CHEBI_59727,3
http://purl.obolibrary.org/obo/CHEBI_59739,3
http://purl.obolibrary.org/obo/CHEBI_59740,3
http://purl.obolibrary.org/obo/CHEBI_59745,14
http://purl.obolibrary.org/obo/CHEBI_59752,1
http://purl.obolibrary.org/obo/CHEBI_59826,20
http://purl.obolibrary.org/obo/CHEBI_59844,3
http://purl.obolibrary.org/obo/CHEBI_59864,24
http://purl.obolibrary.org/obo/CHEBI_59886,2
http://purl.obolibrary.org/obo/CHEBI_59897,10
http://purl.obolibrary.org/obo/CHEBI_59941,7
http://purl.obolibrary.org/obo/CHEBI_59997,29
http://purl.obolibrary.org/obo/CHEBI_60186,7
http://purl.obolibrary.org/obo/CHEBI_60218,20
http://purl.obolibrary.org/obo/CHEBI_60258,246
http://purl.obolibrary.org/obo/CHEBI_60280,2
http://purl.obolibrary.org/obo/CHEBI_60311,3
http://purl.obolibrary.org/obo/CHEBI_60575,31
http://purl.obolibrary.org/obo/CHEBI_60598,45
http://purl.obolibrary.org/obo/CHEBI_60599,38
http://purl.obolibrary.org/obo/CHEBI_60601,12
http://purl.obolibrary.org/obo/CHEBI_60603,13
http://purl.obolibrary.org/obo/CHEBI_60605,10
http://purl.obolibrary.org/obo/CHEBI_60606,38
http://purl.obolibrary.org/obo/CHEBI_60643,34
http://purl.obolibrary.org/obo/CHEBI_60646,1
http://purl.obolibrary.org/obo/CHEBI_60649,1
http://purl.obolibrary.org/obo/CHEBI_60688,1
http://purl.obolibrary.org/obo/CHEBI_60788,2
http://purl.obolibrary.org/obo/CHEBI_60798,36
http://purl.obolibrary.org/obo/CHEBI_60807,11
http://purl.obolibrary.org/obo/CHEBI_60809,32
http://purl.obolibrary.org/obo/CHEBI_60816,4
http://purl.obolibrary.org/obo/CHEBI_60832,25
http://purl.obolibrary.org/obo/CHEBI_60901,3
http://purl.obolibrary.org/obo/CHEBI_61015,12
http://purl.obolibrary.org/obo/CHEBI_61016,13
http://purl.obolibrary.org/obo/CHEBI_61026,1
http://purl.obolibrary.org/obo/CHEBI_61115,38
http://purl.obolibrary.org/obo/CHEBI_61774,1
http://purl.obolibrary.org/obo/CHEBI_61908,64
http://purl.obolibrary.org/obo/CHEBI_61950,6
http://purl.obolibrary.org/obo/CHEBI_61951,17
http://purl.obolibrary.org/obo/CHEBI_61966,5
http://purl.obolibrary.org/obo/CHEBI_62049,2
http://purl.obolibrary.org/obo/CHEBI_62089,1
http://purl.obolibrary.org/obo/CHEBI_62215,11
http://purl.obolibrary.org/obo/CHEBI_62434,42
http://purl.obolibrary.org/obo/CHEBI_62488,45
http://purl.obolibrary.org/obo/CHEBI_62530,1
http://purl.obolibrary.org/obo/CHEBI_62608,1
http://purl.obolibrary.org/obo/CHEBI_62609,1
http://purl.obolibrary.org/obo/CHEBI_62754,2
http://purl.obolibrary.org/obo/CHEBI_62803,6
http://purl.obolibrary.org/obo/CHEBI_62868,55
http://purl.obolibrary.org/obo/CHEBI_62871,1
http://purl.obolibrary.org/obo/CHEBI_62872,5
http://purl.obolibrary.org/obo/CHEBI_62873,2
http://purl.obolibrary.org/obo/CHEBI_62887,1
http://purl.obolibrary.org/obo/CHEBI_62913,9
http://purl.obolibrary.org/obo/CHEBI_62914,2
http://purl.obolibrary.org/obo/CHEBI_62915,1
http://purl.obolibrary.org/obo/CHEBI_63046,74
http://purl.obolibrary.org/obo/CHEBI_63047,8
http://purl.obolibrary.org/obo/CHEBI_63054,11
http://purl.obolibrary.org/obo/CHEBI_63060,3
http://purl.obolibrary.org/obo/CHEBI_63064,4
http://purl.obolibrary.org/obo/CHEBI_63090,3
http://purl.obolibrary.org/obo/CHEBI_63114,4
http://purl.obolibrary.org/obo/CHEBI_63146,1
http://purl.obolibrary.org/obo/CHEBI_63156,1
http://purl.obolibrary.org/obo/CHEBI_63157,1
http://purl.obolibrary.org/obo/CHEBI_63158,1
http://purl.obolibrary.org/obo/CHEBI_63173,1
http://purl.obolibrary.org/obo/CHEBI_63175,12
http://purl.obolibrary.org/obo/CHEBI_63247,17
http://purl.obolibrary.org/obo/CHEBI_63248,22
http://purl.obolibrary.org/obo/CHEBI_63330,1
http://purl.obolibrary.org/obo/CHEBI_63332,7
http://purl.obolibrary.org/obo/CHEBI_63457,12
http://purl.obolibrary.org/obo/CHEBI_63490,26
http://purl.obolibrary.org/obo/CHEBI_63510,13
http://purl.obolibrary.org/obo/CHEBI_63533,6
http://purl.obolibrary.org/obo/CHEBI_63562,6
http://purl.obolibrary.org/obo/CHEBI_63673,5
http://purl.obolibrary.org/obo/CHEBI_63674,3
http://purl.obolibrary.org/obo/CHEBI_63720,4
http://purl.obolibrary.org/obo/CHEBI_63721,3
http://purl.obolibrary.org/obo/CHEBI_63726,122
http://purl.obolibrary.org/obo/CHEBI_63794,3
http://purl.obolibrary.org/obo/CHEBI_63908,1
http://purl.obolibrary.org/obo/CHEBI_63923,2
http://purl.obolibrary.org/obo/CHEBI_63932,3
http://purl.obolibrary.org/obo/CHEBI_63936,1
http://purl.obolibrary.org/obo/CHEBI_63951,8
http://purl.obolibrary.org/obo/CHEBI_63957,4
http://purl.obolibrary.org/obo/CHEBI_63958,7
http://purl.obolibrary.org/obo/CHEBI_63962,24
http://purl.obolibrary.org/obo/CHEBI_63963,4
http://purl.obolibrary.org/obo/CHEBI_64018,9
http://purl.obolibrary.org/obo/CHEBI_64033,4
http://purl.obolibrary.org/obo/CHEBI_64047,199
http://purl.obolibrary.org/obo/CHEBI_64049,16
http://purl.obolibrary.org/obo/CHEBI_64054,9
http://purl.obolibrary.org/obo/CHEBI_64088,1
http://purl.obolibrary.org/obo/CHEBI_64102,1
http://purl.obolibrary.org/obo/CHEBI_64105,2
http://purl.obolibrary.org/obo/CHEBI_64106,22
http://purl.obolibrary.org/obo/CHEBI_64133,12
http://purl.obolibrary.org/obo/CHEBI_64152,27
http://purl.obolibrary.org/obo/CHEBI_64154,4
http://purl.obolibrary.org/obo/CHEBI_64155,4
http://purl.obolibrary.org/obo/CHEBI_64176,4
http://purl.obolibrary.org/obo/CHEBI_64237,1
http://purl.obolibrary.org/obo/CHEBI_64297,1
http://purl.obolibrary.org/obo/CHEBI_64338,2
http://purl.obolibrary.org/obo/CHEBI_64345,11
http://purl.obolibrary.org/obo/CHEBI_64370,1
http://purl.obolibrary.org/obo/CHEBI_64371,1
http://purl.obolibrary.org/obo/CHEBI_64406,2
http://purl.obolibrary.org/obo/CHEBI_64411,1
http://purl.obolibrary.org/obo/CHEBI_64416,1
http://purl.obolibrary.org/obo/CHEBI_64477,3
http://purl.obolibrary.org/obo/CHEBI_64570,1
http://purl.obolibrary.org/obo/CHEBI_64571,6
http://purl.obolibrary.org/obo/CHEBI_64577,8
http://purl.obolibrary.org/obo/CHEBI_64584,10
http://purl.obolibrary.org/obo/CHEBI_64588,1
http://purl.obolibrary.org/obo/CHEBI_64589,2
http://purl.obolibrary.org/obo/CHEBI_64670,2
http://purl.obolibrary.org/obo/CHEBI_64696,20
http://purl.obolibrary.org/obo/CHEBI_64697,7
http://purl.obolibrary.org/obo/CHEBI_64763,3
http://purl.obolibrary.org/obo/CHEBI_64857,14
http://purl.obolibrary.org/obo/CHEBI_64909,257
http://purl.obolibrary.org/obo/CHEBI_64911,37
http://purl.obolibrary.org/obo/CHEBI_64912,75
http://purl.obolibrary.org/obo/CHEBI_64915,188
http://purl.obolibrary.org/obo/CHEBI_64919,1
http://purl.obolibrary.org/obo/CHEBI_64920,1
http://purl.obolibrary.org/obo/CHEBI_64922,5
http://purl.obolibrary.org/obo/CHEBI_64924,13
http://purl.obolibrary.org/obo/CHEBI_64926,8
http://purl.obolibrary.org/obo/CHEBI_64932,10
http://purl.obolibrary.org/obo/CHEBI_64933,24
http://purl.obolibrary.org/obo/CHEBI_64943,13
http://purl.obolibrary.org/obo/CHEBI_64946,186
http://purl.obolibrary.org/obo/CHEBI_64947,108
http://purl.obolibrary.org/obo/CHEBI_64949,6
http://purl.obolibrary.org/obo/CHEBI_64951,14
http://purl.obolibrary.org/obo/CHEBI_64952,20
http://purl.obolibrary.org/obo/CHEBI_64953,17
http://purl.obolibrary.org/obo/CHEBI_64954,1
http://purl.obolibrary.org/obo/CHEBI_64955,1
http://purl.obolibrary.org/obo/CHEBI_64957,2
http://purl.obolibrary.org/obo/CHEBI_64964,18
http://purl.obolibrary.org/obo/CHEBI_64995,3
http://purl.obolibrary.org/obo/CHEBI_64996,10
http://purl.obolibrary.org/obo/CHEBI_65001,11
http://purl.obolibrary.org/obo/CHEBI_65023,51
http://purl.obolibrary.org/obo/CHEBI_65053,2
http://purl.obolibrary.org/obo/CHEBI_65056,1
http://purl.obolibrary.org/obo/CHEBI_65057,2
http://purl.obolibrary.org/obo/CHEBI_65064,1
http://purl.obolibrary.org/obo/CHEBI_65065,1
http://purl.obolibrary.org/obo/CHEBI_65190,36
http://purl.obolibrary.org/obo/CHEBI_65191,19
http://purl.obolibrary.org/obo/CHEBI_65207,20
http://purl.obolibrary.org/obo/CHEBI_65232,12
http://purl.obolibrary.org/obo/CHEBI_65239,1
http://purl.obolibrary.org/obo/CHEBI_65254,1
http://purl.obolibrary.org/obo/CHEBI_65255,24
http://purl.obolibrary.org/obo/CHEBI_65256,9
http://purl.obolibrary.org/obo/CHEBI_65259,10
http://purl.obolibrary.org/obo/CHEBI_65265,6
http://purl.obolibrary.org/obo/CHEBI_66894,2
http://purl.obolibrary.org/obo/CHEBI_66900,5
http://purl.obolibrary.org/obo/CHEBI_66902,4
http://purl.obolibrary.org/obo/CHEBI_66908,4
http://purl.obolibrary.org/obo/CHEBI_66956,47
http://purl.obolibrary.org/obo/CHEBI_66980,4
http://purl.obolibrary.org/obo/CHEBI_66981,33
http://purl.obolibrary.org/obo/CHEBI_66987,8
http://purl.obolibrary.org/obo/CHEBI_66991,14
http://purl.obolibrary.org/obo/CHEBI_66993,7
http://purl.obolibrary.org/obo/CHEBI_67072,4
http://purl.obolibrary.org/obo/CHEBI_67079,581
http://purl.obolibrary.org/obo/CHEBI_67105,5
http://purl.obolibrary.org/obo/CHEBI_67114,7
http://purl.obolibrary.org/obo/CHEBI_67126,4
http://purl.obolibrary.org/obo/CHEBI_67137,1
http://purl.obolibrary.org/obo/CHEBI_67189,1
http://purl.obolibrary.org/obo/CHEBI_67195,1
http://purl.obolibrary.org/obo/CHEBI_67198,6
http://purl.obolibrary.org/obo/CHEBI_67199,5
http://purl.obolibrary.org/obo/CHEBI_67200,3
http://purl.obolibrary.org/obo/CHEBI_67230,2
http://purl.obolibrary.org/obo/CHEBI_67231,3
http://purl.obolibrary.org/obo/CHEBI_67232,3
http://purl.obolibrary.org/obo/CHEBI_67239,36
http://purl.obolibrary.org/obo/CHEBI_67267,5
http://purl.obolibrary.org/obo/CHEBI_67268,22
http://purl.obolibrary.org/obo/CHEBI_68481,14
http://purl.obolibrary.org/obo/CHEBI_68494,41
http://purl.obolibrary.org/obo/CHEBI_68495,241
http://purl.obolibrary.org/obo/CHEBI_68509,1
http://purl.obolibrary.org/obo/CHEBI_68542,2
http://purl.obolibrary.org/obo/CHEBI_68543,1
http://purl.obolibrary.org/obo/CHEBI_68553,1
http://purl.obolibrary.org/obo/CHEBI_68557,3
http://purl.obolibrary.org/obo/CHEBI_68563,8
http://purl.obolibrary.org/obo/CHEBI_68581,7
http://purl.obolibrary.org/obo/CHEBI_68612,8
http://purl.obolibrary.org/obo/CHEBI_68640,2
http://purl.obolibrary.org/obo/CHEBI_68844,6
http://purl.obolibrary.org/obo/CHEBI_70709,3
http://purl.obolibrary.org/obo/CHEBI_70722,26
http://purl.obolibrary.org/obo/CHEBI_70724,1
http://purl.obolibrary.org/obo/CHEBI_70725,1
http://purl.obolibrary.org/obo/CHEBI_70727,71
http://purl.obolibrary.org/obo/CHEBI_70728,11
http://purl.obolibrary.org/obo/CHEBI_70770,6
http://purl.obolibrary.org/obo/CHEBI_70774,8
http://purl.obolibrary.org/obo/CHEBI_70781,23
http://purl.obolibrary.org/obo/CHEBI_70782,12
http://purl.obolibrary.org/obo/CHEBI_70817,1
http://purl.obolibrary.org/obo/CHEBI_70821,6
http://purl.obolibrary.org/obo/CHEBI_70822,4
http://purl.obolibrary.org/obo/CHEBI_70868,38
http://purl.obolibrary.org/obo/CHEBI_70982,1
http://purl.obolibrary.org/obo/CHEBI_70998,4
http://purl.obolibrary.org/obo/CHEBI_71014,2
http://purl.obolibrary.org/obo/CHEBI_71027,1
http://purl.obolibrary.org/obo/CHEBI_71031,17
http://purl.obolibrary.org/obo/CHEBI_71033,1
http://purl.obolibrary.org/obo/CHEBI_71168,1
http://purl.obolibrary.org/obo/CHEBI_71173,1
http://purl.obolibrary.org/obo/CHEBI_71178,1
http://purl.obolibrary.org/obo/CHEBI_71181,4
http://purl.obolibrary.org/obo/CHEBI_71196,4
http://purl.obolibrary.org/obo/CHEBI_71212,3
http://purl.obolibrary.org/obo/CHEBI_71232,10
http://purl.obolibrary.org/obo/CHEBI_71300,577
http://purl.obolibrary.org/obo/CHEBI_71338,3
http://purl.obolibrary.org/obo/CHEBI_71476,10
http://purl.obolibrary.org/obo/CHEBI_71551,1
http://purl.obolibrary.org/obo/CHEBI_71554,8
http://purl.obolibrary.org/obo/CHEBI_71692,12
http://purl.obolibrary.org/obo/CHEBI_71942,4
http://purl.obolibrary.org/obo/CHEBI_71951,1
http://purl.obolibrary.org/obo/CHEBI_72294,4
http://purl.obolibrary.org/obo/CHEBI_72298,2
http://purl.obolibrary.org/obo/CHEBI_72311,1
http://purl.obolibrary.org/obo/CHEBI_72316,5
http://purl.obolibrary.org/obo/CHEBI_72470,1
http://purl.obolibrary.org/obo/CHEBI_72483,1
http://purl.obolibrary.org/obo/CHEBI_72571,3
http://purl.obolibrary.org/obo/CHEBI_72575,6
http://purl.obolibrary.org/obo/CHEBI_72716,4
http://purl.obolibrary.org/obo/CHEBI_72768,8
http://purl.obolibrary.org/obo/CHEBI_72771,5
http://purl.obolibrary.org/obo/CHEBI_72773,1
http://purl.obolibrary.org/obo/CHEBI_72774,1
http://purl.obolibrary.org/obo/CHEBI_72854,2
http://purl.obolibrary.org/obo/CHEBI_73136,2
http://purl.obolibrary.org/obo/CHEBI_73181,2
http://purl.obolibrary.org/obo/CHEBI_73182,7
http://purl.obolibrary.org/obo/CHEBI_73189,1
http://purl.obolibrary.org/obo/CHEBI_73190,9
http://purl.obolibrary.org/obo/CHEBI_73191,2
http://purl.obolibrary.org/obo/CHEBI_73192,27
http://purl.obolibrary.org/obo/CHEBI_73193,7
http://purl.obolibrary.org/obo/CHEBI_73196,4
http://purl.obolibrary.org/obo/CHEBI_73214,6
http://purl.obolibrary.org/obo/CHEBI_73216,78
http://purl.obolibrary.org/obo/CHEBI_73240,42
http://purl.obolibrary.org/obo/CHEBI_73263,5
http://purl.obolibrary.org/obo/CHEBI_73267,4
http://purl.obolibrary.org/obo/CHEBI_73273,6
http://purl.obolibrary.org/obo/CHEBI_73296,7
http://purl.obolibrary.org/obo/CHEBI_73310,2
http://purl.obolibrary.org/obo/CHEBI_73311,5
http://purl.obolibrary.org/obo/CHEBI_73319,1
http://purl.obolibrary.org/obo/CHEBI_73333,6
http://purl.obolibrary.org/obo/CHEBI_73335,5
http://purl.obolibrary.org/obo/CHEBI_73336,11
http://purl.obolibrary.org/obo/CHEBI_73352,1
http://purl.obolibrary.org/obo/CHEBI_73354,1
http://purl.obolibrary.org/obo/CHEBI_73360,2
http://purl.obolibrary.org/obo/CHEBI_73361,2
http://purl.obolibrary.org/obo/CHEBI_73413,2
http://purl.obolibrary.org/obo/CHEBI_73416,2
http://purl.obolibrary.org/obo/CHEBI_73618,1
http://purl.obolibrary.org/obo/CHEBI_73623,1
http://purl.obolibrary.org/obo/CHEBI_73668,2
http://purl.obolibrary.org/obo/CHEBI_73730,2
http://purl.obolibrary.org/obo/CHEBI_73911,1
http://purl.obolibrary.org/obo/CHEBI_73913,19
http://purl.obolibrary.org/obo/CHEBI_73966,2
http://purl.obolibrary.org/obo/CHEBI_74136,5
http://purl.obolibrary.org/obo/CHEBI_74152,4
http://purl.obolibrary.org/obo/CHEBI_74213,4
http://purl.obolibrary.org/obo/CHEBI_74234,2
http://purl.obolibrary.org/obo/CHEBI_74236,4
http://purl.obolibrary.org/obo/CHEBI_74352,2
http://purl.obolibrary.org/obo/CHEBI_74440,14
http://purl.obolibrary.org/obo/CHEBI_74518,11
http://purl.obolibrary.org/obo/CHEBI_74520,1
http://purl.obolibrary.org/obo/CHEBI_74529,4
http://purl.obolibrary.org/obo/CHEBI_74530,4
http://purl.obolibrary.org/obo/CHEBI_74570,1
http://purl.obolibrary.org/obo/CHEBI_74783,20
http://purl.obolibrary.org/obo/CHEBI_74886,3
http://purl.obolibrary.org/obo/CHEBI_74914,2
http://purl.obolibrary.org/obo/CHEBI_74925,9
http://purl.obolibrary.org/obo/CHEBI_74949,1
http://purl.obolibrary.org/obo/CHEBI_75047,7
http://purl.obolibrary.org/obo/CHEBI_75050,105
http://purl.obolibrary.org/obo/CHEBI_75174,2
http://purl.obolibrary.org/obo/CHEBI_75190,1
http://purl.obolibrary.org/obo/CHEBI_75252,6
http://purl.obolibrary.org/obo/CHEBI_75282,10
http://purl.obolibrary.org/obo/CHEBI_75298,1
http://purl.obolibrary.org/obo/CHEBI_75324,4
http://purl.obolibrary.org/obo/CHEBI_75325,8
http://purl.obolibrary.org/obo/CHEBI_75358,2
http://purl.obolibrary.org/obo/CHEBI_75380,3
http://purl.obolibrary.org/obo/CHEBI_75381,5
http://purl.obolibrary.org/obo/CHEBI_75414,2
http://purl.obolibrary.org/obo/CHEBI_75416,7
http://purl.obolibrary.org/obo/CHEBI_75429,1
http://purl.obolibrary.org/obo/CHEBI_75495,1
http://purl.obolibrary.org/obo/CHEBI_75596,85
http://purl.obolibrary.org/obo/CHEBI_75599,1
http://purl.obolibrary.org/obo/CHEBI_75600,10
http://purl.obolibrary.org/obo/CHEBI_75603,48
http://purl.obolibrary.org/obo/CHEBI_75604,28
http://purl.obolibrary.org/obo/CHEBI_75605,1
http://purl.obolibrary.org/obo/CHEBI_75763,8432
http://purl.obolibrary.org/obo/CHEBI_75767,4576
http://purl.obolibrary.org/obo/CHEBI_75768,4069
http://purl.obolibrary.org/obo/CHEBI_75769,10
http://purl.obolibrary.org/obo/CHEBI_75771,1632
http://purl.obolibrary.org/obo/CHEBI_75772,763
http://purl.obolibrary.org/obo/CHEBI_75787,1703
http://purl.obolibrary.org/obo/CHEBI_75835,5
http://purl.obolibrary.org/obo/CHEBI_75968,1
http://purl.obolibrary.org/obo/CHEBI_76022,6
http://purl.obolibrary.org/obo/CHEBI_76206,878
http://purl.obolibrary.org/obo/CHEBI_76219,1
http://purl.obolibrary.org/obo/CHEBI_76395,8
http://purl.obolibrary.org/obo/CHEBI_76413,8
http://purl.obolibrary.org/obo/CHEBI_76414,7
http://purl.obolibrary.org/obo/CHEBI_76498,63
http://purl.obolibrary.org/obo/CHEBI_76507,367
http://purl.obolibrary.org/obo/CHEBI_76531,1
http://purl.obolibrary.org/obo/CHEBI_76595,15
http://purl.obolibrary.org/obo/CHEBI_76617,18
http://purl.obolibrary.org/obo/CHEBI_76648,1
http://purl.obolibrary.org/obo/CHEBI_76655,18
http://purl.obolibrary.org/obo/CHEBI_76660,24
http://purl.obolibrary.org/obo/CHEBI_76661,54
http://purl.obolibrary.org/obo/CHEBI_76662,35
http://purl.obolibrary.org/obo/CHEBI_76663,57
http://purl.obolibrary.org/obo/CHEBI_76665,7
http://purl.obolibrary.org/obo/CHEBI_76668,392
http://purl.obolibrary.org/obo/CHEBI_76692,2
http://purl.obolibrary.org/obo/CHEBI_76694,9
http://purl.obolibrary.org/obo/CHEBI_76695,3
http://purl.obolibrary.org/obo/CHEBI_76697,71
http://purl.obolibrary.org/obo/CHEBI_76706,7
http://purl.obolibrary.org/obo/CHEBI_76707,2
http://purl.obolibrary.org/obo/CHEBI_76710,50
http://purl.obolibrary.org/obo/CHEBI_76711,15
http://purl.obolibrary.org/obo/CHEBI_76712,15
http://purl.obolibrary.org/obo/CHEBI_76713,11
http://purl.obolibrary.org/obo/CHEBI_76714,5
http://purl.obolibrary.org/obo/CHEBI_76716,5
http://purl.obolibrary.org/obo/CHEBI_76720,7
http://purl.obolibrary.org/obo/CHEBI_76725,634
http://purl.obolibrary.org/obo/CHEBI_76726,56
http://purl.obolibrary.org/obo/CHEBI_76727,16
http://purl.obolibrary.org/obo/CHEBI_76729,70
http://purl.obolibrary.org/obo/CHEBI_76730,31
http://purl.obolibrary.org/obo/CHEBI_76731,17
http://purl.obolibrary.org/obo/CHEBI_76733,26
http://purl.obolibrary.org/obo/CHEBI_76735,10
http://purl.obolibrary.org/obo/CHEBI_76736,4
http://purl.obolibrary.org/obo/CHEBI_76737,4
http://purl.obolibrary.org/obo/CHEBI_76738,7
http://purl.obolibrary.org/obo/CHEBI_76740,72
http://purl.obolibrary.org/obo/CHEBI_76741,348
http://purl.obolibrary.org/obo/CHEBI_76742,2
http://purl.obolibrary.org/obo/CHEBI_76744,13
http://purl.obolibrary.org/obo/CHEBI_76748,1
http://purl.obolibrary.org/obo/CHEBI_76759,787
http://purl.obolibrary.org/obo/CHEBI_76760,330
http://purl.obolibrary.org/obo/CHEBI_76761,74
http://purl.obolibrary.org/obo/CHEBI_76762,2
http://purl.obolibrary.org/obo/CHEBI_76764,79
http://purl.obolibrary.org/obo/CHEBI_76770,1
http://purl.obolibrary.org/obo/CHEBI_76773,215
http://purl.obolibrary.org/obo/CHEBI_76775,33
http://purl.obolibrary.org/obo/CHEBI_76779,30
http://purl.obolibrary.org/obo/CHEBI_76782,39
http://purl.obolibrary.org/obo/CHEBI_76785,47
http://purl.obolibrary.org/obo/CHEBI_76787,4
http://purl.obolibrary.org/obo/CHEBI_76788,9
http://purl.obolibrary.org/obo/CHEBI_76789,17
http://purl.obolibrary.org/obo/CHEBI_76790,16
http://purl.obolibrary.org/obo/CHEBI_76791,1
http://purl.obolibrary.org/obo/CHEBI_76795,2
http://purl.obolibrary.org/obo/CHEBI_76796,30
http://purl.obolibrary.org/obo/CHEBI_76797,7
http://purl.obolibrary.org/obo/CHEBI_76798,1
http://purl.obolibrary.org/obo/CHEBI_76807,58
http://purl.obolibrary.org/obo/CHEBI_76808,12
http://purl.obolibrary.org/obo/CHEBI_76809,7
http://purl.obolibrary.org/obo/CHEBI_76811,2
http://purl.obolibrary.org/obo/CHEBI_76812,152
http://purl.obolibrary.org/obo/CHEBI_76815,26
http://purl.obolibrary.org/obo/CHEBI_76816,1
http://purl.obolibrary.org/obo/CHEBI_76817,60
http://purl.obolibrary.org/obo/CHEBI_76818,1
http://purl.obolibrary.org/obo/CHEBI_76822,2
http://purl.obolibrary.org/obo/CHEBI_76823,6
http://purl.obolibrary.org/obo/CHEBI_76824,28
http://purl.obolibrary.org/obo/CHEBI_76827,1
http://purl.obolibrary.org/obo/CHEBI_76828,1
http://purl.obolibrary.org/obo/CHEBI_76829,1
http://purl.obolibrary.org/obo/CHEBI_76830,71
http://purl.obolibrary.org/obo/CHEBI_76831,5
http://purl.obolibrary.org/obo/CHEBI_76832,11
http://purl.obolibrary.org/obo/CHEBI_76834,57
http://purl.obolibrary.org/obo/CHEBI_76835,54
http://purl.obolibrary.org/obo/CHEBI_76836,1
http://purl.obolibrary.org/obo/CHEBI_76837,72
http://purl.obolibrary.org/obo/CHEBI_76838,45
http://purl.obolibrary.org/obo/CHEBI_76840,143
http://purl.obolibrary.org/obo/CHEBI_76841,124
http://purl.obolibrary.org/obo/CHEBI_76843,3
http://purl.obolibrary.org/obo/CHEBI_76845,29
http://purl.obolibrary.org/obo/CHEBI_76847,3
http://purl.obolibrary.org/obo/CHEBI_76848,4
http://purl.obolibrary.org/obo/CHEBI_76850,9
http://purl.obolibrary.org/obo/CHEBI_76852,11
http://purl.obolibrary.org/obo/CHEBI_76853,5
http://purl.obolibrary.org/obo/CHEBI_76857,18
http://purl.obolibrary.org/obo/CHEBI_76858,2
http://purl.obolibrary.org/obo/CHEBI_76859,1
http://purl.obolibrary.org/obo/CHEBI_76860,27
http://purl.obolibrary.org/obo/CHEBI_76861,28
http://purl.obolibrary.org/obo/CHEBI_76862,1
http://purl.obolibrary.org/obo/CHEBI_76863,17
http://purl.obolibrary.org/obo/CHEBI_76866,23
http://purl.obolibrary.org/obo/CHEBI_76867,2
http://purl.obolibrary.org/obo/CHEBI_76869,9
http://purl.obolibrary.org/obo/CHEBI_76870,4
http://purl.obolibrary.org/obo/CHEBI_76871,16
http://purl.obolibrary.org/obo/CHEBI_76874,4
http://purl.obolibrary.org/obo/CHEBI_76876,24
http://purl.obolibrary.org/obo/CHEBI_76877,5
http://purl.obolibrary.org/obo/CHEBI_76878,47
http://purl.obolibrary.org/obo/CHEBI_76879,7
http://purl.obolibrary.org/obo/CHEBI_76881,40
http://purl.obolibrary.org/obo/CHEBI_76882,1
http://purl.obolibrary.org/obo/CHEBI_76883,1
http://purl.obolibrary.org/obo/CHEBI_76885,9
http://purl.obolibrary.org/obo/CHEBI_76891,1
http://purl.obolibrary.org/obo/CHEBI_76893,1
http://purl.obolibrary.org/obo/CHEBI_76895,44
http://purl.obolibrary.org/obo/CHEBI_76898,33
http://purl.obolibrary.org/obo/CHEBI_76902,6
http://purl.obolibrary.org/obo/CHEBI_76906,15
http://purl.obolibrary.org/obo/CHEBI_76907,15
http://purl.obolibrary.org/obo/CHEBI_76916,1
http://purl.obolibrary.org/obo/CHEBI_76924,3091
http://purl.obolibrary.org/obo/CHEBI_76926,2
http://purl.obolibrary.org/obo/CHEBI_76932,189
http://purl.obolibrary.org/obo/CHEBI_76938,24
http://purl.obolibrary.org/obo/CHEBI_76939,24
http://purl.obolibrary.org/obo/CHEBI_76940,3
http://purl.obolibrary.org/obo/CHEBI_76946,1505
http://purl.obolibrary.org/obo/CHEBI_76956,204
http://purl.obolibrary.org/obo/CHEBI_76960,92
http://purl.obolibrary.org/obo/CHEBI_76964,116
http://purl.obolibrary.org/obo/CHEBI_76967,604
http://purl.obolibrary.org/obo/CHEBI_76968,20
http://purl.obolibrary.org/obo/CHEBI_76969,1700
http://purl.obolibrary.org/obo/CHEBI_76971,677
http://purl.obolibrary.org/obo/CHEBI_76973,1
http://purl.obolibrary.org/obo/CHEBI_76976,114
http://purl.obolibrary.org/obo/CHEBI_76977,3
http://purl.obolibrary.org/obo/CHEBI_76988,13
http://purl.obolibrary.org/obo/CHEBI_76989,17
http://purl.obolibrary.org/obo/CHEBI_76990,1
http://purl.obolibrary.org/obo/CHEBI_76998,1
http://purl.obolibrary.org/obo/CHEBI_77019,2
http://purl.obolibrary.org/obo/CHEBI_77020,2
http://purl.obolibrary.org/obo/CHEBI_77022,2
http://purl.obolibrary.org/obo/CHEBI_77023,2
http://purl.obolibrary.org/obo/CHEBI_77024,2
http://purl.obolibrary.org/obo/CHEBI_77034,9
http://purl.obolibrary.org/obo/CHEBI_77035,6
http://purl.obolibrary.org/obo/CHEBI_77089,1
http://purl.obolibrary.org/obo/CHEBI_77090,3
http://purl.obolibrary.org/obo/CHEBI_77102,22
http://purl.obolibrary.org/obo/CHEBI_77103,1
http://purl.obolibrary.org/obo/CHEBI_77105,1
http://purl.obolibrary.org/obo/CHEBI_77106,1
http://purl.obolibrary.org/obo/CHEBI_77108,2
http://purl.obolibrary.org/obo/CHEBI_77109,1
http://purl.obolibrary.org/obo/CHEBI_77110,1
http://purl.obolibrary.org/obo/CHEBI_77111,3
http://purl.obolibrary.org/obo/CHEBI_77113,2
http://purl.obolibrary.org/obo/CHEBI_77115,2
http://purl.obolibrary.org/obo/CHEBI_77117,2
http://purl.obolibrary.org/obo/CHEBI_77118,2
http://purl.obolibrary.org/obo/CHEBI_77119,1
http://purl.obolibrary.org/obo/CHEBI_77161,2
http://purl.obolibrary.org/obo/CHEBI_77178,176
http://purl.obolibrary.org/obo/CHEBI_77182,27
http://purl.obolibrary.org/obo/CHEBI_77194,9
http://purl.obolibrary.org/obo/CHEBI_77255,6
http://purl.obolibrary.org/obo/CHEBI_77307,27
http://purl.obolibrary.org/obo/CHEBI_77318,2
http://purl.obolibrary.org/obo/CHEBI_77324,1
http://purl.obolibrary.org/obo/CHEBI_77326,1
http://purl.obolibrary.org/obo/CHEBI_77402,7
http://purl.obolibrary.org/obo/CHEBI_77425,1
http://purl.obolibrary.org/obo/CHEBI_77484,4
http://purl.obolibrary.org/obo/CHEBI_77495,6
http://purl.obolibrary.org/obo/CHEBI_77496,4
http://purl.obolibrary.org/obo/CHEBI_77521,19
http://purl.obolibrary.org/obo/CHEBI_77523,19
http://purl.obolibrary.org/obo/CHEBI_77567,3
http://purl.obolibrary.org/obo/CHEBI_77608,5
http://purl.obolibrary.org/obo/CHEBI_77654,1
http://purl.obolibrary.org/obo/CHEBI_77703,4
http://purl.obolibrary.org/obo/CHEBI_77705,3
http://purl.obolibrary.org/obo/CHEBI_77706,3
http://purl.obolibrary.org/obo/CHEBI_77715,9
http://purl.obolibrary.org/obo/CHEBI_77731,2
http://purl.obolibrary.org/obo/CHEBI_77745,2
http://purl.obolibrary.org/obo/CHEBI_77746,2732
http://purl.obolibrary.org/obo/CHEBI_77747,2
http://purl.obolibrary.org/obo/CHEBI_77748,6
http://purl.obolibrary.org/obo/CHEBI_77750,1
http://purl.obolibrary.org/obo/CHEBI_77758,6
http://purl.obolibrary.org/obo/CHEBI_77763,1
http://purl.obolibrary.org/obo/CHEBI_77781,2
http://purl.obolibrary.org/obo/CHEBI_77783,1
http://purl.obolibrary.org/obo/CHEBI_77853,28
http://purl.obolibrary.org/obo/CHEBI_77881,3
http://purl.obolibrary.org/obo/CHEBI_77884,49
http://purl.obolibrary.org/obo/CHEBI_77941,6
http://purl.obolibrary.org/obo/CHEBI_77953,2
http://purl.obolibrary.org/obo/CHEBI_77960,1
http://purl.obolibrary.org/obo/CHEBI_77962,12
http://purl.obolibrary.org/obo/CHEBI_77964,3
http://purl.obolibrary.org/obo/CHEBI_77965,3
http://purl.obolibrary.org/obo/CHEBI_77966,2
http://purl.obolibrary.org/obo/CHEBI_77968,3
http://purl.obolibrary.org/obo/CHEBI_77969,3
http://purl.obolibrary.org/obo/CHEBI_77970,2
http://purl.obolibrary.org/obo/CHEBI_77971,2
http://purl.obolibrary.org/obo/CHEBI_77973,1
http://purl.obolibrary.org/obo/CHEBI_77974,8
http://purl.obolibrary.org/obo/CHEBI_78003,1
http://purl.obolibrary.org/obo/CHEBI_78004,1
http://purl.obolibrary.org/obo/CHEBI_78006,1
http://purl.obolibrary.org/obo/CHEBI_78009,1
http://purl.obolibrary.org/obo/CHEBI_78016,3
http://purl.obolibrary.org/obo/CHEBI_78017,7
http://purl.obolibrary.org/obo/CHEBI_78024,3
http://purl.obolibrary.org/obo/CHEBI_78031,6
http://purl.obolibrary.org/obo/CHEBI_78058,1
http://purl.obolibrary.org/obo/CHEBI_78059,1
http://purl.obolibrary.org/obo/CHEBI_78152,1
http://purl.obolibrary.org/obo/CHEBI_78248,3
http://purl.obolibrary.org/obo/CHEBI_78295,295
http://purl.obolibrary.org/obo/CHEBI_78298,344
http://purl.obolibrary.org/obo/CHEBI_78299,2
http://purl.obolibrary.org/obo/CHEBI_78361,8
http://purl.obolibrary.org/obo/CHEBI_78366,4
http://purl.obolibrary.org/obo/CHEBI_78372,1
http://purl.obolibrary.org/obo/CHEBI_78377,2
http://purl.obolibrary.org/obo/CHEBI_78379,2
http://purl.obolibrary.org/obo/CHEBI_78380,1
http://purl.obolibrary.org/obo/CHEBI_78382,1
http://purl.obolibrary.org/obo/CHEBI_78384,1
http://purl.obolibrary.org/obo/CHEBI_78433,24
http://purl.obolibrary.org/obo/CHEBI_78444,8
http://purl.obolibrary.org/obo/CHEBI_78505,3
http://purl.obolibrary.org/obo/CHEBI_78547,2
http://purl.obolibrary.org/obo/CHEBI_78548,1
http://purl.obolibrary.org/obo/CHEBI_78592,2
http://purl.obolibrary.org/obo/CHEBI_78606,2
http://purl.obolibrary.org/obo/CHEBI_78622,1
http://purl.obolibrary.org/obo/CHEBI_78623,2
http://purl.obolibrary.org/obo/CHEBI_78675,156
http://purl.obolibrary.org/obo/CHEBI_78678,3
http://purl.obolibrary.org/obo/CHEBI_78681,2
http://purl.obolibrary.org/obo/CHEBI_78691,1
http://purl.obolibrary.org/obo/CHEBI_78728,2
http://purl.obolibrary.org/obo/CHEBI_78756,1
http://purl.obolibrary.org/obo/CHEBI_78760,2
http://purl.obolibrary.org/obo/CHEBI_78763,4
http://purl.obolibrary.org/obo/CHEBI_78803,235
http://purl.obolibrary.org/obo/CHEBI_78804,234
http://purl.obolibrary.org/obo/CHEBI_78926,1
http://purl.obolibrary.org/obo/CHEBI_78927,1
http://purl.obolibrary.org/obo/CHEBI_78928,1
http://purl.obolibrary.org/obo/CHEBI_78947,3
http://purl.obolibrary.org/obo/CHEBI_79046,1
http://purl.obolibrary.org/obo/CHEBI_79050,3
http://purl.obolibrary.org/obo/CHEBI_79056,11
http://purl.obolibrary.org/obo/CHEBI_79085,4
http://purl.obolibrary.org/obo/CHEBI_79088,4
http://purl.obolibrary.org/obo/CHEBI_79091,43
http://purl.obolibrary.org/obo/CHEBI_79092,2
http://purl.obolibrary.org/obo/CHEBI_79093,2
http://purl.obolibrary.org/obo/CHEBI_79314,11
http://purl.obolibrary.org/obo/CHEBI_79386,2
http://purl.obolibrary.org/obo/CHEBI_79392,2
http://purl.obolibrary.org/obo/CHEBI_82632,2
http://purl.obolibrary.org/obo/CHEBI_82655,8
http://purl.obolibrary.org/obo/CHEBI_82665,27
http://purl.obolibrary.org/obo/CHEBI_82756,1
http://purl.obolibrary.org/obo/CHEBI_82821,2
http://purl.obolibrary.org/obo/CHEBI_82824,6
http://purl.obolibrary.org/obo/CHEBI_82891,2
http://purl.obolibrary.org/obo/CHEBI_82933,4
http://purl.obolibrary.org/obo/CHEBI_82973,1
http://purl.obolibrary.org/obo/CHEBI_82974,1
http://purl.obolibrary.org/obo/CHEBI_83034,1
http://purl.obolibrary.org/obo/CHEBI_83035,1
http://purl.obolibrary.org/obo/CHEBI_83038,9
http://purl.obolibrary.org/obo/CHEBI_83039,123
http://purl.obolibrary.org/obo/CHEBI_83056,60
http://purl.obolibrary.org/obo/CHEBI_83057,121
http://purl.obolibrary.org/obo/CHEBI_83072,21
http://purl.obolibrary.org/obo/CHEBI_83074,43
http://purl.obolibrary.org/obo/CHEBI_83075,48
http://purl.obolibrary.org/obo/CHEBI_83146,4
http://purl.obolibrary.org/obo/CHEBI_83156,2
http://purl.obolibrary.org/obo/CHEBI_83157,2
http://purl.obolibrary.org/obo/CHEBI_83296,1
http://purl.obolibrary.org/obo/CHEBI_83313,2
http://purl.obolibrary.org/obo/CHEBI_83316,1
http://purl.obolibrary.org/obo/CHEBI_83317,69
http://purl.obolibrary.org/obo/CHEBI_83319,5
http://purl.obolibrary.org/obo/CHEBI_83399,105
http://purl.obolibrary.org/obo/CHEBI_83609,2
http://purl.obolibrary.org/obo/CHEBI_83612,2
http://purl.obolibrary.org/obo/CHEBI_83734,49
http://purl.obolibrary.org/obo/CHEBI_83741,5
http://purl.obolibrary.org/obo/CHEBI_83757,2
http://purl.obolibrary.org/obo/CHEBI_83760,2
http://purl.obolibrary.org/obo/CHEBI_83762,3
http://purl.obolibrary.org/obo/CHEBI_83799,2
http://purl.obolibrary.org/obo/CHEBI_84012,1
http://purl.obolibrary.org/obo/CHEBI_84036,4
http://purl.obolibrary.org/obo/CHEBI_84087,184
http://purl.obolibrary.org/obo/CHEBI_84264,1
http://purl.obolibrary.org/obo/CHEBI_84297,1
http://purl.obolibrary.org/obo/CHEBI_84735,121
http://purl.obolibrary.org/obo/CHEBI_84799,1
http://purl.obolibrary.org/obo/CHEBI_84800,1
http://purl.obolibrary.org/obo/CHEBI_84801,1
http://purl.obolibrary.org/obo/CHEBI_84802,1
http://purl.obolibrary.org/obo/CHEBI_84803,1
http://purl.obolibrary.org/obo/CHEBI_84804,1
http://purl.obolibrary.org/obo/CHEBI_85011,2
http://purl.obolibrary.org/obo/CHEBI_85012,1
http://purl.obolibrary.org/obo/CHEBI_85046,7
http://purl.obolibrary.org/obo/CHEBI_85048,1
http://purl.obolibrary.org/obo/CHEBI_85049,1
http://purl.obolibrary.org/obo/CHEBI_85050,1
http://purl.obolibrary.org/obo/CHEBI_85051,1
http://purl.obolibrary.org/obo/CHEBI_85052,1
http://purl.obolibrary.org/obo/CHEBI_85053,1
http://purl.obolibrary.org/obo/CHEBI_85094,5
http://purl.obolibrary.org/obo/CHEBI_85113,1
http://purl.obolibrary.org/obo/CHEBI_85180,3
http://purl.obolibrary.org/obo/CHEBI_85185,3
http://purl.obolibrary.org/obo/CHEBI_85234,108
http://purl.obolibrary.org/obo/CHEBI_85384,4
http://purl.obolibrary.org/obo/CHEBI_85424,1
http://purl.obolibrary.org/obo/CHEBI_85425,2
http://purl.obolibrary.org/obo/CHEBI_85540,4
http://purl.obolibrary.org/obo/CHEBI_85618,1
http://purl.obolibrary.org/obo/CHEBI_86009,1
http://purl.obolibrary.org/obo/CHEBI_86010,1
http://purl.obolibrary.org/obo/CHEBI_86029,1
http://purl.obolibrary.org/obo/CHEBI_86264,145
http://purl.obolibrary.org/obo/CHEBI_86327,34
http://purl.obolibrary.org/obo/CHEBI_86328,232
http://purl.obolibrary.org/obo/CHEBI_86383,8
http://purl.obolibrary.org/obo/CHEBI_86385,8
http://purl.obolibrary.org/obo/CHEBI_86430,3
http://purl.obolibrary.org/obo/CHEBI_86501,1
http://purl.obolibrary.org/obo/CHEBI_86966,2
http://purl.obolibrary.org/obo/CHEBI_87183,4
http://purl.obolibrary.org/obo/CHEBI_87588,2
http://purl.obolibrary.org/obo/CHEBI_87786,1
http://purl.obolibrary.org/obo/CHEBI_88048,7
http://purl.obolibrary.org/obo/CHEBI_88188,92
http://purl.obolibrary.org/obo/CHEBI_88227,5
http://purl.obolibrary.org/obo/CHEBI_88230,8
http://purl.obolibrary.org/obo/CHEBI_88285,5
http://purl.obolibrary.org/obo/CHEBI_88286,2
http://purl.obolibrary.org/obo/CHEBI_88295,1
http://purl.obolibrary.org/obo/CHEBI_88336,1
http://purl.obolibrary.org/obo/CHEBI_88355,2
http://purl.obolibrary.org/obo/CHEBI_90113,1
http://purl.obolibrary.org/obo/CHEBI_90172,7
http://purl.obolibrary.org/obo/CHEBI_90190,1
http://purl.obolibrary.org/obo/CHEBI_90199,3
http://purl.obolibrary.org/obo/CHEBI_90285,1
http://purl.obolibrary.org/obo/CHEBI_90318,2
http://purl.obolibrary.org/obo/CHEBI_90365,2
http://purl.obolibrary.org/obo/CHEBI_90374,1
http://purl.obolibrary.org/obo/CHEBI_90375,2
http://purl.obolibrary.org/obo/CHEBI_90414,7
http://purl.obolibrary.org/obo/CHEBI_90415,7
http://purl.obolibrary.org/obo/CHEBI_90689,1
http://purl.obolibrary.org/obo/CHEBI_90691,1
http://purl.obolibrary.org/obo/CHEBI_90708,10
http://purl.obolibrary.org/obo/CHEBI_90709,10
http://purl.obolibrary.org/obo/CHEBI_90710,139
http://purl.obolibrary.org/obo/CHEBI_90713,4
http://purl.obolibrary.org/obo/CHEBI_90714,5
http://purl.obolibrary.org/obo/CHEBI_90742,1
http://purl.obolibrary.org/obo/CHEBI_90744,1
http://purl.obolibrary.org/obo/CHEBI_90749,5
http://purl.obolibrary.org/obo/CHEBI_90753,1
http://purl.obolibrary.org/obo/CHEBI_90755,4
http://purl.obolibrary.org/obo/CHEBI_90757,1
http://purl.obolibrary.org/obo/CHEBI_90767,1
http://purl.obolibrary.org/obo/CHEBI_90780,1
http://purl.obolibrary.org/obo/CHEBI_90845,2
http://purl.obolibrary.org/obo/CHEBI_90846,1
http://purl.obolibrary.org/obo/CHEBI_90847,3
http://purl.obolibrary.org/obo/CHEBI_90878,2
http://purl.obolibrary.org/obo/CHEBI_90920,1
http://purl.obolibrary.org/obo/CHEBI_90921,1
http://purl.obolibrary.org/obo/CHEBI_90961,1
http://purl.obolibrary.org/obo/CHEBI_90991,1
http://purl.obolibrary.org/obo/CHEBI_91015,1
http://purl.obolibrary.org/obo/CHEBI_91016,6
http://purl.obolibrary.org/obo/CHEBI_91025,1
http://purl.obolibrary.org/obo/CHEBI_91079,11
http://purl.obolibrary.org/obo/CHEBI_91081,2
http://purl.obolibrary.org/obo/CHEBI_91085,2
http://purl.obolibrary.org/obo/CHEBI_91092,11
http://purl.obolibrary.org/obo/CHEBI_91139,1
http://purl.obolibrary.org/obo/CHEBI_91141,1
http://purl.obolibrary.org/obo/CHEBI_91142,1
http://purl.obolibrary.org/obo/CHEBI_91189,2
http://purl.obolibrary.org/obo/CHEBI_91193,1
http://purl.obolibrary.org/obo/CHEBI_91202,4
http://purl.obolibrary.org/obo/CHEBI_91214,1