superrole,superlab,count
http://purl.obolibrary.org/obo/CHEBI_50906,role,903
http://purl.obolibrary.org/obo/CHEBI_24432,biological role,800
http://purl.obolibrary.org/obo/CHEBI_33232,application,648
http://purl.obolibrary.org/obo/CHEBI_52217,pharmaceutical,610
http://purl.obolibrary.org/obo/CHEBI_23888,drug,609
http://purl.obolibrary.org/obo/CHEBI_52206,biochemical role,477
http://purl.obolibrary.org/obo/CHEBI_25212,metabolite,326
http://purl.obolibrary.org/obo/CHEBI_52210,pharmacological role,280
http://purl.obolibrary.org/obo/CHEBI_75763,eukaryotic metabolite,261
http://purl.obolibrary.org/obo/CHEBI_75767,animal metabolite,195
http://purl.obolibrary.org/obo/CHEBI_75768,mammalian metabolite,186
http://purl.obolibrary.org/obo/CHEBI_35942,neurotransmitter agent,173
http://purl.obolibrary.org/obo/CHEBI_35222,inhibitor,163
http://purl.obolibrary.org/obo/CHEBI_23924,enzyme inhibitor,159
http://purl.obolibrary.org/obo/CHEBI_51086,chemical role,150
http://purl.obolibrary.org/obo/CHEBI_76969,bacterial metabolite,122
http://purl.obolibrary.org/obo/CHEBI_75787,prokaryotic metabolite,122
http://purl.obolibrary.org/obo/CHEBI_77746,human metabolite,121
http://purl.obolibrary.org/obo/CHEBI_33281,antimicrobial agent,119
http://purl.obolibrary.org/obo/CHEBI_75771,mouse metabolite,119
http://purl.obolibrary.org/obo/CHEBI_35554,cardiovascular drug,105
http://purl.obolibrary.org/obo/CHEBI_35441,antiinfective agent,101
http://purl.obolibrary.org/obo/CHEBI_35470,central nervous system drug,100
http://purl.obolibrary.org/obo/CHEBI_76971,Escherichia coli metabolite,97
http://purl.obolibrary.org/obo/CHEBI_76946,fungal metabolite,97
http://purl.obolibrary.org/obo/CHEBI_52209,aetiopathogenetic role,95
http://purl.obolibrary.org/obo/CHEBI_75772,Saccharomyces cerevisiae metabolite,88
http://purl.obolibrary.org/obo/CHEBI_35703,xenobiotic,85
http://purl.obolibrary.org/obo/CHEBI_78298,environmental contaminant,82
http://purl.obolibrary.org/obo/CHEBI_48706,antagonist,81
http://purl.obolibrary.org/obo/CHEBI_36043,antimicrobial drug,81
http://purl.obolibrary.org/obo/CHEBI_35610,antineoplastic agent,76
http://purl.obolibrary.org/obo/CHEBI_37962,adrenergic agent,73
http://purl.obolibrary.org/obo/CHEBI_35488,central nervous system depressant,72
http://purl.obolibrary.org/obo/CHEBI_76759,EC 3.* (hydrolase) inhibitor,69
http://purl.obolibrary.org/obo/CHEBI_33282,antibacterial agent,69
http://purl.obolibrary.org/obo/CHEBI_78295,food component,68
http://purl.obolibrary.org/obo/CHEBI_52211,physiological role,68
http://purl.obolibrary.org/obo/CHEBI_35471,psychotropic drug,61
http://purl.obolibrary.org/obo/CHEBI_76725,EC 1.* (oxidoreductase) inhibitor,60
http://purl.obolibrary.org/obo/CHEBI_50904,allergen,57
http://purl.obolibrary.org/obo/CHEBI_36047,antibacterial drug,57
http://purl.obolibrary.org/obo/CHEBI_76924,plant metabolite,56
http://purl.obolibrary.org/obo/CHEBI_35480,analgesic,54
http://purl.obolibrary.org/obo/CHEBI_48705,agonist,53
http://purl.obolibrary.org/obo/CHEBI_67079,anti-inflammatory agent,51
http://purl.obolibrary.org/obo/CHEBI_88188,drug allergen,49
http://purl.obolibrary.org/obo/CHEBI_35674,antihypertensive agent,48
http://purl.obolibrary.org/obo/CHEBI_35472,anti-inflammatory drug,45
http://purl.obolibrary.org/obo/CHEBI_33284,nutrient,39
http://purl.obolibrary.org/obo/CHEBI_35473,tranquilizing drug,38
http://purl.obolibrary.org/obo/CHEBI_38867,anaesthetic,37
http://purl.obolibrary.org/obo/CHEBI_22586,antioxidant,36
http://purl.obolibrary.org/obo/CHEBI_52208,biophysical role,36
http://purl.obolibrary.org/obo/CHEBI_37887,adrenergic antagonist,35
http://purl.obolibrary.org/obo/CHEBI_35620,vasodilator agent,35
http://purl.obolibrary.org/obo/CHEBI_48560,dopaminergic agent,34
http://purl.obolibrary.org/obo/CHEBI_37956,histamine antagonist,33
http://purl.obolibrary.org/obo/CHEBI_37957,histaminergic drug,33
http://purl.obolibrary.org/obo/CHEBI_50267,protective agent,33
http://purl.obolibrary.org/obo/CHEBI_76741,"EC 1.14.* (oxidoreductase acting on paired donors, with incorporation or reduction of molecular oxygen) inhibitor",32
http://purl.obolibrary.org/obo/CHEBI_38632,membrane transport modulator,32
http://purl.obolibrary.org/obo/CHEBI_38323,cholinergic drug,31
http://purl.obolibrary.org/obo/CHEBI_27027,micronutrient,31
http://purl.obolibrary.org/obo/CHEBI_48278,serotonergic drug,31
http://purl.obolibrary.org/obo/CHEBI_35842,antirheumatic drug,30
http://purl.obolibrary.org/obo/CHEBI_64047,food additive,30
http://purl.obolibrary.org/obo/CHEBI_71300,EC 2.* (transferase) inhibitor,29
http://purl.obolibrary.org/obo/CHEBI_33280,molecular messenger,29
http://purl.obolibrary.org/obo/CHEBI_136859,pro-agent,28
http://purl.obolibrary.org/obo/CHEBI_50846,immunomodulator,27
http://purl.obolibrary.org/obo/CHEBI_50266,prodrug,27
http://purl.obolibrary.org/obo/CHEBI_76760,EC 3.1.* (ester hydrolase) inhibitor,26
http://purl.obolibrary.org/obo/CHEBI_60258,EC 3.4.* (hydrolases acting on peptide bond) inhibitor,26
http://purl.obolibrary.org/obo/CHEBI_48539,alpha-adrenergic drug,26
http://purl.obolibrary.org/obo/CHEBI_38070,anti-arrhythmia drug,26
http://purl.obolibrary.org/obo/CHEBI_35469,antidepressant,26
http://purl.obolibrary.org/obo/CHEBI_90710,receptor modulator,26
http://purl.obolibrary.org/obo/CHEBI_37955,H1-receptor antagonist,25
http://purl.obolibrary.org/obo/CHEBI_48873,cholinergic antagonist,25
http://purl.obolibrary.org/obo/CHEBI_51061,hormone receptor modulator,25
http://purl.obolibrary.org/obo/CHEBI_51371,muscle relaxant,25
http://purl.obolibrary.org/obo/CHEBI_51372,neuromuscular agent,25
http://purl.obolibrary.org/obo/CHEBI_35481,non-narcotic analgesic,25
http://purl.obolibrary.org/obo/CHEBI_50733,nutraceutical,25
http://purl.obolibrary.org/obo/CHEBI_35442,antiparasitic agent,24
http://purl.obolibrary.org/obo/CHEBI_48540,beta-adrenergic drug,24
http://purl.obolibrary.org/obo/CHEBI_35623,anticonvulsant,23
http://purl.obolibrary.org/obo/CHEBI_50177,dermatologic drug,23
http://purl.obolibrary.org/obo/CHEBI_35475,non-steroidal anti-inflammatory drug,23
http://purl.obolibrary.org/obo/CHEBI_23357,cofactor,21
http://purl.obolibrary.org/obo/CHEBI_50248,hematologic agent,21
http://purl.obolibrary.org/obo/CHEBI_24621,hormone,21
http://purl.obolibrary.org/obo/CHEBI_49020,hormone antagonist,20
http://purl.obolibrary.org/obo/CHEBI_76967,human xenobiotic metabolite,20
http://purl.obolibrary.org/obo/CHEBI_76206,xenobiotic metabolite,20
http://purl.obolibrary.org/obo/CHEBI_35221,antimetabolite,19
http://purl.obolibrary.org/obo/CHEBI_50902,genotoxin,19
http://purl.obolibrary.org/obo/CHEBI_76932,pathway inhibitor,19
http://purl.obolibrary.org/obo/CHEBI_35717,sedative,19
http://purl.obolibrary.org/obo/CHEBI_35524,sympathomimetic agent,19
http://purl.obolibrary.org/obo/CHEBI_33229,vitamin,19
http://purl.obolibrary.org/obo/CHEBI_35820,antiprotozoal drug,18
http://purl.obolibrary.org/obo/CHEBI_35705,immunosuppressive agent,18
http://purl.obolibrary.org/obo/CHEBI_50857,anti-allergic agent,17
http://purl.obolibrary.org/obo/CHEBI_50247,antidote,17
http://purl.obolibrary.org/obo/CHEBI_50919,antiemetic,17
http://purl.obolibrary.org/obo/CHEBI_35476,antipsychotic agent,17
http://purl.obolibrary.org/obo/CHEBI_22587,antiviral agent,17
http://purl.obolibrary.org/obo/CHEBI_35530,beta-adrenergic antagonist,17
http://purl.obolibrary.org/obo/CHEBI_48561,dopaminergic antagonist,17
http://purl.obolibrary.org/obo/CHEBI_36333,local anaesthetic,17
http://purl.obolibrary.org/obo/CHEBI_48876,muscarinic antagonist,17
http://purl.obolibrary.org/obo/CHEBI_25435,mutagen,17
http://purl.obolibrary.org/obo/CHEBI_76668,EC 2.7.* (P-containing group transferase) inhibitor,16
http://purl.obolibrary.org/obo/CHEBI_37886,adrenergic agonist,16
http://purl.obolibrary.org/obo/CHEBI_84735,algal metabolite,16
http://purl.obolibrary.org/obo/CHEBI_37890,alpha-adrenergic antagonist,16
http://purl.obolibrary.org/obo/CHEBI_35474,anxiolytic drug,16
http://purl.obolibrary.org/obo/CHEBI_38869,general anaesthetic,16
http://purl.obolibrary.org/obo/CHEBI_60598,opioid agent,16
http://purl.obolibrary.org/obo/CHEBI_25944,pesticide,16
http://purl.obolibrary.org/obo/CHEBI_64909,poison,16
http://purl.obolibrary.org/obo/CHEBI_76840,"EC 1.14.99.* (miscellaneous oxidoreductase acting on paired donors, with incorporation or reduction of molecular oxygen) inhibitor",15
http://purl.obolibrary.org/obo/CHEBI_35544,EC 1.14.99.1 (prostaglandin-endoperoxide synthase) inhibitor,15
http://purl.obolibrary.org/obo/CHEBI_38808,calcium channel modulator,15
http://purl.obolibrary.org/obo/CHEBI_78675,fundamental metabolite,15
http://purl.obolibrary.org/obo/CHEBI_60599,mu-opioid agent,15
http://purl.obolibrary.org/obo/CHEBI_35482,opioid analgesic,15
http://purl.obolibrary.org/obo/CHEBI_83056,Daphnia magna metabolite,14
http://purl.obolibrary.org/obo/CHEBI_83057,Daphnia metabolite,14
http://purl.obolibrary.org/obo/CHEBI_76838,"EC 1.14.14.* (oxidoreductase acting on paired donors, incorporating of 1 atom of oxygen, with reduced flavin or flavoprotein as one donor) inhibitor",14
http://purl.obolibrary.org/obo/CHEBI_35523,bronchodilator agent,14
http://purl.obolibrary.org/obo/CHEBI_83039,crustacean metabolite,14
http://purl.obolibrary.org/obo/CHEBI_50689,reproductive control drug,14
http://purl.obolibrary.org/obo/CHEBI_50949,serotonin uptake inhibitor,14
http://purl.obolibrary.org/obo/CHEBI_50112,sex hormone,14
http://purl.obolibrary.org/obo/CHEBI_5924,EC 3.4.21.* (serine endopeptidase) inhibitor,13
http://purl.obolibrary.org/obo/CHEBI_73216,EC 3.6.* (hydrolases acting on acid anhydrides) inhibitor,13
http://purl.obolibrary.org/obo/CHEBI_76895,EC 3.6.3.* (acid anhydride hydrolase catalysing transmembrane movement of substances) inhibitor,13
http://purl.obolibrary.org/obo/CHEBI_35640,adrenergic uptake inhibitor,13
http://purl.obolibrary.org/obo/CHEBI_33286,agrochemical,13
http://purl.obolibrary.org/obo/CHEBI_50249,anticoagulant,13
http://purl.obolibrary.org/obo/CHEBI_66956,antidyskinesia agent,13
http://purl.obolibrary.org/obo/CHEBI_35718,antifungal agent,13
http://purl.obolibrary.org/obo/CHEBI_36044,antiviral drug,13
http://purl.obolibrary.org/obo/CHEBI_50646,bone density conservation agent,13
http://purl.obolibrary.org/obo/CHEBI_60606,opioid receptor agonist,13
http://purl.obolibrary.org/obo/CHEBI_48578,radical scavenger,13
http://purl.obolibrary.org/obo/CHEBI_48279,serotonergic antagonist,13
http://purl.obolibrary.org/obo/CHEBI_50514,vasoconstrictor agent,13
http://purl.obolibrary.org/obo/CHEBI_76779,EC 3.4.21.26 (prolyl oligopeptidase) inhibitor,12
http://purl.obolibrary.org/obo/CHEBI_65023,anti-asthmatic agent,12
http://purl.obolibrary.org/obo/CHEBI_48407,antiparkinson drug,12
http://purl.obolibrary.org/obo/CHEBI_38215,calcium channel blocker,12
http://purl.obolibrary.org/obo/CHEBI_35498,diuretic,12
http://purl.obolibrary.org/obo/CHEBI_55322,mu-opioid receptor agonist,12
http://purl.obolibrary.org/obo/CHEBI_66981,ophthalmology drug,12
http://purl.obolibrary.org/obo/CHEBI_76898,EC 1.14.14.1 (unspecific monooxygenase) inhibitor,11
http://purl.obolibrary.org/obo/CHEBI_76773,EC 3.1.1.* (carboxylic ester hydrolase) inhibitor,11
http://purl.obolibrary.org/obo/CHEBI_50183,P450 inhibitor,11
http://purl.obolibrary.org/obo/CHEBI_49201,anti-ulcer drug,11
http://purl.obolibrary.org/obo/CHEBI_39456,antiglaucoma drug,11
http://purl.obolibrary.org/obo/CHEBI_59683,antipruritic drug,11
http://purl.obolibrary.org/obo/CHEBI_35493,antipyretic,11
http://purl.obolibrary.org/obo/CHEBI_60798,excitatory amino acid antagonist,11
http://purl.obolibrary.org/obo/CHEBI_35526,hypoglycemic agent,11
http://purl.obolibrary.org/obo/CHEBI_38877,intravenous anaesthetic,11
http://purl.obolibrary.org/obo/CHEBI_52214,ligand,11
http://purl.obolibrary.org/obo/CHEBI_50427,platelet aggregation inhibitor,11
http://purl.obolibrary.org/obo/CHEBI_59517,DNA synthesis inhibitor,10
http://purl.obolibrary.org/obo/CHEBI_60809,adjuvant,10
http://purl.obolibrary.org/obo/CHEBI_35569,alpha-adrenergic agonist,10
http://purl.obolibrary.org/obo/CHEBI_49167,anti-asthmatic drug,10
http://purl.obolibrary.org/obo/CHEBI_35679,antilipemic drug,10
http://purl.obolibrary.org/obo/CHEBI_51177,antitussive,10
http://purl.obolibrary.org/obo/CHEBI_38161,chelator,10
http://purl.obolibrary.org/obo/CHEBI_65190,first generation antipsychotic,10
http://purl.obolibrary.org/obo/CHEBI_50910,neurotoxin,10
http://purl.obolibrary.org/obo/CHEBI_39000,sodium channel modulator,10
http://purl.obolibrary.org/obo/CHEBI_46787,solvent,10
http://purl.obolibrary.org/obo/CHEBI_66991,sympatholytic agent,10
http://purl.obolibrary.org/obo/CHEBI_27314,water-soluble vitamin,10
http://purl.obolibrary.org/obo/CHEBI_50218,EC 3.1.4.* (phosphoric diester hydrolase) inhibitor,9
http://purl.obolibrary.org/obo/CHEBI_76782,EC 3.4.15.* (peptidyl-dipeptidase) inhibitor,9
http://purl.obolibrary.org/obo/CHEBI_35457,EC 3.4.15.1 (peptidyl-dipeptidase A) inhibitor,9
http://purl.obolibrary.org/obo/CHEBI_75596,EC 5.* (isomerase) inhibitor,9
http://purl.obolibrary.org/obo/CHEBI_51374,GABA agent,9
http://purl.obolibrary.org/obo/CHEBI_60643,NMDA receptor antagonist,9
http://purl.obolibrary.org/obo/CHEBI_38068,antimalarial,9
http://purl.obolibrary.org/obo/CHEBI_64915,antiplasmodial drug,9
http://purl.obolibrary.org/obo/CHEBI_50903,carcinogenic agent,9
http://purl.obolibrary.org/obo/CHEBI_35617,flavouring agent,9
http://purl.obolibrary.org/obo/CHEBI_55324,gastrointestinal drug,9
http://purl.obolibrary.org/obo/CHEBI_63726,neuroprotective agent,9
http://purl.obolibrary.org/obo/CHEBI_37699,protein kinase inhibitor,9
http://purl.obolibrary.org/obo/CHEBI_38633,sodium channel blocker,9
http://purl.obolibrary.org/obo/CHEBI_76834,EC 2.5.* (non-methyl-alkyl or aryl transferase) inhibitor,8
http://purl.obolibrary.org/obo/CHEBI_76663,EC 2.5.1.* (non-methyl-alkyl or aryl transferase) inhibitor,8
http://purl.obolibrary.org/obo/CHEBI_37733,EC 3.1.1.8 (cholinesterase) inhibitor,8
http://purl.obolibrary.org/obo/CHEBI_76710,EC 4.* (lyase) inhibitor,8
http://purl.obolibrary.org/obo/CHEBI_53784,antispasmodic drug,8
http://purl.obolibrary.org/obo/CHEBI_38147,cardiotonic drug,8
http://purl.obolibrary.org/obo/CHEBI_50370,parasympatholytic,8
http://purl.obolibrary.org/obo/CHEBI_75769,B vitamin,7
http://purl.obolibrary.org/obo/CHEBI_76764,EC 3.5.* (hydrolases acting on non-peptide C-N bonds) inhibitor,7
http://purl.obolibrary.org/obo/CHEBI_37527,acid,7
http://purl.obolibrary.org/obo/CHEBI_22333,alkylating agent,7
http://purl.obolibrary.org/obo/CHEBI_64912,antimycobacterial drug,7
http://purl.obolibrary.org/obo/CHEBI_35522,beta-adrenergic agonist,7
http://purl.obolibrary.org/obo/CHEBI_49323,contraceptive drug,7
http://purl.obolibrary.org/obo/CHEBI_50629,cyclooxygenase 2 inhibitor,7
http://purl.obolibrary.org/obo/CHEBI_33295,diagnostic agent,7
http://purl.obolibrary.org/obo/CHEBI_48219,disinfectant,7
http://purl.obolibrary.org/obo/CHEBI_51065,dopamine agonist,7
http://purl.obolibrary.org/obo/CHEBI_63046,emulsifier,7
http://purl.obolibrary.org/obo/CHEBI_25512,neurotransmitter,7
http://purl.obolibrary.org/obo/CHEBI_35941,serotonergic agonist,7
http://purl.obolibrary.org/obo/CHEBI_76726,EC 1.1.* (oxidoreductase acting on donor CH-OH group) inhibitor,6
http://purl.obolibrary.org/obo/CHEBI_76835,"EC 1.1.1.* (oxidoreductase acting on donor CH-OH group, NAD(+) or NADP(+) acceptor) inhibitor",6
http://purl.obolibrary.org/obo/CHEBI_76697,EC 5.99.* (other isomerases) inhibitor,6
http://purl.obolibrary.org/obo/CHEBI_76830,EC 5.99.1.* (miscellaneous isomerase) inhibitor,6
http://purl.obolibrary.org/obo/CHEBI_60807,anaesthesia adjuvant,6
http://purl.obolibrary.org/obo/CHEBI_65265,antacid,6
http://purl.obolibrary.org/obo/CHEBI_35443,anthelminthic drug,6
http://purl.obolibrary.org/obo/CHEBI_48218,antiseptic drug,6
http://purl.obolibrary.org/obo/CHEBI_33231,antitubercular agent,6
http://purl.obolibrary.org/obo/CHEBI_35337,central nervous system stimulant,6
http://purl.obolibrary.org/obo/CHEBI_50630,cyclooxygenase 1 inhibitor,6
http://purl.obolibrary.org/obo/CHEBI_17891,donor,6
http://purl.obolibrary.org/obo/CHEBI_51039,dopamine uptake inhibitor,6
http://purl.obolibrary.org/obo/CHEBI_53000,epitope,6
http://purl.obolibrary.org/obo/CHEBI_33287,fertilizer,6
http://purl.obolibrary.org/obo/CHEBI_24127,fungicide,6
http://purl.obolibrary.org/obo/CHEBI_47867,indicator,6
http://purl.obolibrary.org/obo/CHEBI_49110,peripheral nervous system drug,6
http://purl.obolibrary.org/obo/CHEBI_48354,polar solvent,6
http://purl.obolibrary.org/obo/CHEBI_48001,protein synthesis inhibitor,6
http://purl.obolibrary.org/obo/CHEBI_50905,teratogenic agent,6
http://purl.obolibrary.org/obo/CHEBI_70727,topoisomerase inhibitor,6
http://purl.obolibrary.org/obo/CHEBI_76729,EC 1.3.* (oxidoreductase acting on donor CH-CH group) inhibitor,5
http://purl.obolibrary.org/obo/CHEBI_76735,EC 1.8.* (oxidoreductase acting on sulfur group of donors) inhibitor,5
http://purl.obolibrary.org/obo/CHEBI_76869,"EC 1.8.1.* (oxidoreductase acting on sulfur group of donors, NAD(+) or NADP(+) as acceptor) inhibitor",5
http://purl.obolibrary.org/obo/CHEBI_76662,EC 2.4.* (glycosyltransferase) inhibitor,5
http://purl.obolibrary.org/obo/CHEBI_76815,EC 2.7.7.* (nucleotidyltransferase) inhibitor,5
http://purl.obolibrary.org/obo/CHEBI_38462,EC 3.1.1.7 (acetylcholinesterase) inhibitor,5
http://purl.obolibrary.org/obo/CHEBI_76807,EC 3.5.1.* (non-peptide linear amide C-N hydrolase) inhibitor,5
http://purl.obolibrary.org/obo/CHEBI_49200,EC 3.6.3.10 (H(+)/K(+)-exchanging ATPase) inhibitor,5
http://purl.obolibrary.org/obo/CHEBI_64946,anti-HIV agent,5
http://purl.obolibrary.org/obo/CHEBI_35821,anticholesteremic drug,5
http://purl.obolibrary.org/obo/CHEBI_64911,antimitotic,5
http://purl.obolibrary.org/obo/CHEBI_68495,apoptosis inducer,5
http://purl.obolibrary.org/obo/CHEBI_59163,biomarker,5
http://purl.obolibrary.org/obo/CHEBI_49103,drug metabolite,5
http://purl.obolibrary.org/obo/CHEBI_50114,estrogen,5
http://purl.obolibrary.org/obo/CHEBI_77182,food colouring,5
http://purl.obolibrary.org/obo/CHEBI_65255,food preservative,5
http://purl.obolibrary.org/obo/CHEBI_59174,hapten,5
http://purl.obolibrary.org/obo/CHEBI_85234,human blood serum metabolite,5
http://purl.obolibrary.org/obo/CHEBI_38870,inhalation anaesthetic,5
http://purl.obolibrary.org/obo/CHEBI_24852,insecticide,5
http://purl.obolibrary.org/obo/CHEBI_33937,macronutrient,5
http://purl.obolibrary.org/obo/CHEBI_50513,mydriatic agent,5
http://purl.obolibrary.org/obo/CHEBI_37930,phenothiazine antipsychotic drug,5
http://purl.obolibrary.org/obo/CHEBI_47868,photosensitizing agent,5
http://purl.obolibrary.org/obo/CHEBI_59826,progestin,5
http://purl.obolibrary.org/obo/CHEBI_50745,progestogen,5
http://purl.obolibrary.org/obo/CHEBI_37670,protease inhibitor,5
http://purl.obolibrary.org/obo/CHEBI_65191,second generation antipsychotic,5
http://purl.obolibrary.org/obo/CHEBI_35195,surfactant,5
http://purl.obolibrary.org/obo/CHEBI_50505,sweetening agent,5
http://purl.obolibrary.org/obo/CHEBI_66993,tocolytic agent,5
http://purl.obolibrary.org/obo/CHEBI_60832,tubulin modulator,5
http://purl.obolibrary.org/obo/CHEBI_139503,vitamin D receptor agonist,5
http://purl.obolibrary.org/obo/CHEBI_39141,Bronsted acid,4
http://purl.obolibrary.org/obo/CHEBI_38234,DNA polymerase inhibitor,4
http://purl.obolibrary.org/obo/CHEBI_76727,EC 1.2.* (oxidoreductase acting on donor aldehyde/oxo group) inhibitor,4
http://purl.obolibrary.org/obo/CHEBI_76857,"EC 1.3.1.* (oxidoreductase acting on donor CH-CH group, NAD(+) or NADP(+) as acceptor) inhibitor",4
http://purl.obolibrary.org/obo/CHEBI_77402,EC 1.8.1.12 (trypanothione-disulfide reductase) inhibitor,4
http://purl.obolibrary.org/obo/CHEBI_50502,EC 2.5.1.15 (dihydropteroate synthase) inhibitor,4
http://purl.obolibrary.org/obo/CHEBI_76812,EC 2.7.11.* (protein-serine/threonine kinase) inhibitor,4
http://purl.obolibrary.org/obo/CHEBI_76712,EC 4.2.* (C-O lyase) inhibitor,4
http://purl.obolibrary.org/obo/CHEBI_76907,EC 4.2.1.* (hydro-lyases) inhibitor,4
http://purl.obolibrary.org/obo/CHEBI_23018,EC 4.2.1.1 (carbonic anhydrase) inhibitor,4
http://purl.obolibrary.org/obo/CHEBI_51373,GABA agonist,4
http://purl.obolibrary.org/obo/CHEBI_22153,acaricide,4
http://purl.obolibrary.org/obo/CHEBI_15339,acceptor,4
http://purl.obolibrary.org/obo/CHEBI_50113,androgen,4
http://purl.obolibrary.org/obo/CHEBI_48422,angiogenesis inhibitor,4
http://purl.obolibrary.org/obo/CHEBI_74530,antidote to curare poisoning,4
http://purl.obolibrary.org/obo/CHEBI_35477,antimanic drug,4
http://purl.obolibrary.org/obo/CHEBI_35444,antinematodal drug,4
http://purl.obolibrary.org/obo/CHEBI_50780,appetite regulator,4
http://purl.obolibrary.org/obo/CHEBI_74783,astringent,4
http://purl.obolibrary.org/obo/CHEBI_50837,estrogen antagonist,4
http://purl.obolibrary.org/obo/CHEBI_24020,fat-soluble vitamin,4
http://purl.obolibrary.org/obo/CHEBI_49324,female contraceptive drug,4
http://purl.obolibrary.org/obo/CHEBI_48676,fibrin modulating drug,4
http://purl.obolibrary.org/obo/CHEBI_64049,food acidity regulator,4
http://purl.obolibrary.org/obo/CHEBI_77962,food antioxidant,4
http://purl.obolibrary.org/obo/CHEBI_35845,gout suppressant,4
http://purl.obolibrary.org/obo/CHEBI_50908,hepatotoxic agent,4
http://purl.obolibrary.org/obo/CHEBI_51060,hormone agonist,4
http://purl.obolibrary.org/obo/CHEBI_90415,insulin secretagogue,4
http://purl.obolibrary.org/obo/CHEBI_38157,iron chelator,4
http://purl.obolibrary.org/obo/CHEBI_50176,keratolytic drug,4
http://purl.obolibrary.org/obo/CHEBI_61951,microtubule-destabilising agent,4
http://purl.obolibrary.org/obo/CHEBI_52290,mitogen,4
http://purl.obolibrary.org/obo/CHEBI_77715,nasal decongestant,4
http://purl.obolibrary.org/obo/CHEBI_25491,nematicide,4
http://purl.obolibrary.org/obo/CHEBI_60605,opioid receptor antagonist,4
http://purl.obolibrary.org/obo/CHEBI_49325,oral contraceptive,4
http://purl.obolibrary.org/obo/CHEBI_25728,osmolyte,4
http://purl.obolibrary.org/obo/CHEBI_48356,protic solvent,4
http://purl.obolibrary.org/obo/CHEBI_132992,radiosensitizing agent,4
http://purl.obolibrary.org/obo/CHEBI_73333,scabicide,4
http://purl.obolibrary.org/obo/CHEBI_90414,secretagogue,4
http://purl.obolibrary.org/obo/CHEBI_139492,sensitiser,4
http://purl.obolibrary.org/obo/CHEBI_49326,synthetic oral contraceptive,4
http://purl.obolibrary.org/obo/CHEBI_27026,toxin,4
http://purl.obolibrary.org/obo/CHEBI_38637,tyrosine kinase inhibitor,4
http://purl.obolibrary.org/obo/CHEBI_76841,"EC 1.14.13.* (oxidoreductase acting on paired donors, incorporating 1 atom of oxygen, with NADH or NADPH as one donor) inhibitor",3
http://purl.obolibrary.org/obo/CHEBI_50790,EC 1.14.14.14 (aromatase) inhibitor,3
http://purl.obolibrary.org/obo/CHEBI_76744,EC 1.17.* (oxidoreductase acting on CH or CH2) inhibitor,3
http://purl.obolibrary.org/obo/CHEBI_76853,EC 1.2.3.* (oxidoreductase acting on donor aldehyde/oxo group with oxygen as acceptor) inhibitor,3
http://purl.obolibrary.org/obo/CHEBI_62872,EC 1.2.3.1 (aldehyde oxidase) inhibitor,3
http://purl.obolibrary.org/obo/CHEBI_76730,EC 1.4.* (oxidoreductase acting on donor CH-NH2 group) inhibitor,3
http://purl.obolibrary.org/obo/CHEBI_76861,"EC 1.4.3.* (oxidoreductase acting on donor CH-NH2 group, oxygen as acceptor) inhibitor",3
http://purl.obolibrary.org/obo/CHEBI_38623,EC 1.4.3.4 (monoamine oxidase) inhibitor,3
http://purl.obolibrary.org/obo/CHEBI_76731,EC 1.5.* (oxidoreductase acting on donor CH-NH group) inhibitor,3
http://purl.obolibrary.org/obo/CHEBI_76863,"EC 1.5.1.* (oxidoreductase acting on donor CH-NH group, NAD(+) or NADP(+) as acceptor) inhibitor",3
http://purl.obolibrary.org/obo/CHEBI_50683,EC 1.5.1.3 (dihydrofolate reductase) inhibitor,3
http://purl.obolibrary.org/obo/CHEBI_76789,EC 2.4.1.* (hexosyltransferase) inhibitor,3
http://purl.obolibrary.org/obo/CHEBI_76797,EC 2.5.1.18 (glutathione transferase) inhibitor,3
http://purl.obolibrary.org/obo/CHEBI_76881,EC 2.7.1.* (phosphotransferases with an alcohol group as acceptor) inhibitor,3
http://purl.obolibrary.org/obo/CHEBI_76785,EC 3.1.26.* (endoribonucleases producing 5'-phosphomonoesters) inhibitor,3
http://purl.obolibrary.org/obo/CHEBI_52629,EC 3.1.26.13 (retroviral ribonuclease H) inhibitor,3
http://purl.obolibrary.org/obo/CHEBI_76775,EC 3.1.3.* (phosphoric monoester hydrolase) inhibitor,3
http://purl.obolibrary.org/obo/CHEBI_61115,EC 3.5.1.98 (histone deacetylase) inhibitor,3
http://purl.obolibrary.org/obo/CHEBI_77748,EC 3.6.3.44 (xenobiotic-transporting ATPase) inhibitor,3
http://purl.obolibrary.org/obo/CHEBI_76694,EC 5.3.* (intramolecular oxidoreductase) inhibitor,3
http://purl.obolibrary.org/obo/CHEBI_86383,EC 5.3.3.* (intramolecular oxidase transposing C=C bonds) inhibitor,3
http://purl.obolibrary.org/obo/CHEBI_86385,EC 5.3.3.5 (cholestenol Delta-isomerase) inhibitor,3
http://purl.obolibrary.org/obo/CHEBI_50276,EC 5.99.1.2 (DNA topoisomerase) inhibitor,3
http://purl.obolibrary.org/obo/CHEBI_50750,EC 5.99.1.3 [DNA topoisomerase (ATP-hydrolysing)] inhibitor,3
http://purl.obolibrary.org/obo/CHEBI_65259,GABA antagonist,3
http://purl.obolibrary.org/obo/CHEBI_37961,H2-receptor antagonist,3
http://purl.obolibrary.org/obo/CHEBI_53756,HIV-1 reverse transcriptase inhibitor,3
http://purl.obolibrary.org/obo/CHEBI_39143,Lewis acid,3
http://purl.obolibrary.org/obo/CHEBI_36413,anabolic agent,3
http://purl.obolibrary.org/obo/CHEBI_35497,androgen antagonist,3
http://purl.obolibrary.org/obo/CHEBI_61016,angiotensin receptor antagonist,3
http://purl.obolibrary.org/obo/CHEBI_64947,anti-HIV-1 agent,3
http://purl.obolibrary.org/obo/CHEBI_77964,anticaking agent,3
http://purl.obolibrary.org/obo/CHEBI_55323,antidiarrhoeal drug,3
http://purl.obolibrary.org/obo/CHEBI_74529,antidote to paracetamol poisoning,3
http://purl.obolibrary.org/obo/CHEBI_73913,antifolate,3
http://purl.obolibrary.org/obo/CHEBI_86328,antifungal agrochemical,3
http://purl.obolibrary.org/obo/CHEBI_59844,antihyperplasia drug,3
http://purl.obolibrary.org/obo/CHEBI_50671,antithyroid drug,3
http://purl.obolibrary.org/obo/CHEBI_50507,appetite depressant,3
http://purl.obolibrary.org/obo/CHEBI_26130,biological pigment,3
http://purl.obolibrary.org/obo/CHEBI_38324,cholinergic agonist,3
http://purl.obolibrary.org/obo/CHEBI_23354,coenzyme,3
http://purl.obolibrary.org/obo/CHEBI_64857,cosmetic,3
http://purl.obolibrary.org/obo/CHEBI_37958,dye,3
http://purl.obolibrary.org/obo/CHEBI_50739,estrogen receptor modulator,3
http://purl.obolibrary.org/obo/CHEBI_64577,flour treatment agent,3
http://purl.obolibrary.org/obo/CHEBI_77965,food anticaking agent,3
http://purl.obolibrary.org/obo/CHEBI_76413,greenhouse gas,3
http://purl.obolibrary.org/obo/CHEBI_62868,hepatoprotective agent,3
http://purl.obolibrary.org/obo/CHEBI_35816,leprostatic drug,3
http://purl.obolibrary.org/obo/CHEBI_51068,miotic,3
http://purl.obolibrary.org/obo/CHEBI_50137,mu-opioid receptor antagonist,3
http://purl.obolibrary.org/obo/CHEBI_48878,nicotinic antagonist,3
http://purl.obolibrary.org/obo/CHEBI_38828,nonionic surfactant,3
http://purl.obolibrary.org/obo/CHEBI_66980,nootropic agent,3
http://purl.obolibrary.org/obo/CHEBI_36063,oxytocic,3
http://purl.obolibrary.org/obo/CHEBI_50406,probe,3
http://purl.obolibrary.org/obo/CHEBI_50188,provitamin,3
http://purl.obolibrary.org/obo/CHEBI_86264,rat metabolite,3
http://purl.obolibrary.org/obo/CHEBI_33893,reagent,3
http://purl.obolibrary.org/obo/CHEBI_33288,rodenticide,3
http://purl.obolibrary.org/obo/CHEBI_62488,signalling molecule,3
http://purl.obolibrary.org/obo/CHEBI_85046,skin lightening agent,3
http://purl.obolibrary.org/obo/CHEBI_48425,topical anaesthetic,3
http://purl.obolibrary.org/obo/CHEBI_74234,"EC 1.1.1.153 [sepiapterin reductase (L-erythro-7,8-dihydrobiopterin forming)] inhibitor",2
http://purl.obolibrary.org/obo/CHEBI_76740,EC 1.13.* [oxidoreductase acting on single donors with incorporation of molecular oxygen (oxygenases)] inhibitor,2
http://purl.obolibrary.org/obo/CHEBI_76837,EC 1.13.11.* (oxidoreductase acting on single donors and incorporating 2 O atoms) inhibitor,2
http://purl.obolibrary.org/obo/CHEBI_61908,EC 1.14.13.39 (nitric oxide synthase) inhibitor,2
http://purl.obolibrary.org/obo/CHEBI_76848,EC 1.17.4.* (oxidoreductase acting on CH or CH2 with a disulfide as acceptor) inhibitor,2
http://purl.obolibrary.org/obo/CHEBI_74213,EC 1.17.4.1 (ribonucleoside-diphosphate reductase) inhibitor,2
http://purl.obolibrary.org/obo/CHEBI_50781,EC 1.3.1.22 [3-oxo-5alpha-steroid 4-dehydrogenase (NADP(+))] inhibitor,2
http://purl.obolibrary.org/obo/CHEBI_76733,EC 1.6.* (oxidoreductase acting on NADH or NADPH) inhibitor,2
http://purl.obolibrary.org/obo/CHEBI_76866,EC 1.6.5.* (oxidoreductase acting on NADH or NADPH with a quinone or similar as acceptor) inhibitor,2
http://purl.obolibrary.org/obo/CHEBI_50390,EC 1.6.5.2 [NAD(P)H dehydrogenase (quinone)] inhibitor,2
http://purl.obolibrary.org/obo/CHEBI_76661,EC 2.3.* (acyltransferase) inhibitor,2
http://purl.obolibrary.org/obo/CHEBI_76878,EC 2.3.1.* (acyltransferase transferring other than amino-acyl group) inhibitor,2
http://purl.obolibrary.org/obo/CHEBI_50696,EC 2.4.1.129 (peptidoglycan glycosyltransferase) inhibitor,2
http://purl.obolibrary.org/obo/CHEBI_76790,EC 2.4.2.* (pentosyltransferase) inhibitor,2
http://purl.obolibrary.org/obo/CHEBI_77194,EC 2.7.1.33 (pantothenate kinase) inhibitor,2
http://purl.obolibrary.org/obo/CHEBI_76817,EC 2.7.10.* (protein-tyrosine kinase) inhibitor,2
http://purl.obolibrary.org/obo/CHEBI_37700,EC 2.7.11.13 (protein kinase C) inhibitor,2
http://purl.obolibrary.org/obo/CHEBI_59897,EC 2.7.7.49 (RNA-directed DNA polymerase) inhibitor,2
http://purl.obolibrary.org/obo/CHEBI_131699,EC 2.7.7.7 (DNA-directed DNA polymerase) inhibitor,2
http://purl.obolibrary.org/obo/CHEBI_78444,EC 3.1.1.1 (carboxylesterase) inhibitor,2
http://purl.obolibrary.org/obo/CHEBI_37153,EC 3.1.3.16 (phosphoprotein phosphatase) inhibitor,2
http://purl.obolibrary.org/obo/CHEBI_50568,"EC 3.1.4.17 (3',5'-cyclic-nucleotide phosphodiesterase) inhibitor",2
http://purl.obolibrary.org/obo/CHEBI_59107,EC 3.4.24.* (metalloendopeptidase) inhibitor,2
http://purl.obolibrary.org/obo/CHEBI_77255,EC 3.4.24.83 (anthrax lethal factor endopeptidase) inhibitor,2
http://purl.obolibrary.org/obo/CHEBI_131770,EC 3.6.3.49 (channel-conductance-controlling ATPase) inhibitor,2
http://purl.obolibrary.org/obo/CHEBI_60186,EC 3.6.3.8 (Ca(2+)-transporting ATPase) inhibitor,2
http://purl.obolibrary.org/obo/CHEBI_76711,EC 4.1.* (C-C lyase) inhibitor,2
http://purl.obolibrary.org/obo/CHEBI_76906,EC 4.1.1.* (carboxy-lyase) inhibitor,2
http://purl.obolibrary.org/obo/CHEBI_50268,GABA modulator,2
http://purl.obolibrary.org/obo/CHEBI_35660,HIV protease inhibitor,2
http://purl.obolibrary.org/obo/CHEBI_73240,NF-kappaB inhibitor,2
http://purl.obolibrary.org/obo/CHEBI_64571,NMDA receptor agonist,2
http://purl.obolibrary.org/obo/CHEBI_68563,P2Y12 receptor antagonist,2
http://purl.obolibrary.org/obo/CHEBI_70781,PPAR modulator,2
http://purl.obolibrary.org/obo/CHEBI_50691,abortifacient,2
http://purl.obolibrary.org/obo/CHEBI_71232,adenosine receptor antagonist,2
http://purl.obolibrary.org/obo/CHEBI_50844,aldosterone antagonist,2
http://purl.obolibrary.org/obo/CHEBI_50751,anti-estrogen,2
http://purl.obolibrary.org/obo/CHEBI_90755,antidote to opioid poisoning,2
http://purl.obolibrary.org/obo/CHEBI_136860,antidote to sarin poisoning,2
http://purl.obolibrary.org/obo/CHEBI_48675,antifibrinolytic drug,2
http://purl.obolibrary.org/obo/CHEBI_86327,antifungal drug,2
http://purl.obolibrary.org/obo/CHEBI_50843,antimineralocorticoid,2
http://purl.obolibrary.org/obo/CHEBI_50748,antipsoriatic,2
http://purl.obolibrary.org/obo/CHEBI_130181,calmodulin antagonist,2
http://purl.obolibrary.org/obo/CHEBI_77307,cardioprotective agent,2
http://purl.obolibrary.org/obo/CHEBI_23366,compatible osmolytes,2
http://purl.obolibrary.org/obo/CHEBI_73263,cyclooxygenase 3 inhibitor,2
http://purl.obolibrary.org/obo/CHEBI_131787,dopamine receptor D2 antagonist,2
http://purl.obolibrary.org/obo/CHEBI_50103,excitatory amino acid agonist,2
http://purl.obolibrary.org/obo/CHEBI_63490,explosive,2
http://purl.obolibrary.org/obo/CHEBI_79314,flame retardant,2
http://purl.obolibrary.org/obo/CHEBI_63047,food emulsifier,2
http://purl.obolibrary.org/obo/CHEBI_77969,food humectant,2
http://purl.obolibrary.org/obo/CHEBI_77974,food packaging gas,2
http://purl.obolibrary.org/obo/CHEBI_78017,food propellant,2
http://purl.obolibrary.org/obo/CHEBI_77966,food stabiliser,2
http://purl.obolibrary.org/obo/CHEBI_77970,food thickening agent,2
http://purl.obolibrary.org/obo/CHEBI_39317,growth regulator,2
http://purl.obolibrary.org/obo/CHEBI_77968,humectant,2
http://purl.obolibrary.org/obo/CHEBI_50847,immunological adjuvant,2
http://purl.obolibrary.org/obo/CHEBI_50864,insulin-sensitizing drug,2
http://purl.obolibrary.org/obo/CHEBI_24853,intercalator,2
http://purl.obolibrary.org/obo/CHEBI_24869,ionophore,2
http://purl.obolibrary.org/obo/CHEBI_60603,kappa-opioid agent,2
http://purl.obolibrary.org/obo/CHEBI_59282,kappa-opioid receptor agonist,2
http://purl.obolibrary.org/obo/CHEBI_50503,laxative,2
http://purl.obolibrary.org/obo/CHEBI_49159,leukotriene antagonist,2
http://purl.obolibrary.org/obo/CHEBI_35856,lipoxygenase inhibitor,2
http://purl.obolibrary.org/obo/CHEBI_77608,loop diuretic,2
http://purl.obolibrary.org/obo/CHEBI_76507,marine metabolite,2
http://purl.obolibrary.org/obo/CHEBI_38325,muscarinic agonist,2
http://purl.obolibrary.org/obo/CHEBI_76595,nephroprotective agent,2
http://purl.obolibrary.org/obo/CHEBI_61015,nephrotoxin,2
http://purl.obolibrary.org/obo/CHEBI_47958,nicotinic acetylcholine receptor agonist,2
http://purl.obolibrary.org/obo/CHEBI_50566,nitric oxide donor,2
http://purl.obolibrary.org/obo/CHEBI_38706,pediculicide,2
http://purl.obolibrary.org/obo/CHEBI_77853,persistent organic pollutant,2
http://purl.obolibrary.org/obo/CHEBI_52215,photochemical role,2
http://purl.obolibrary.org/obo/CHEBI_26155,plant growth regulator,2
http://purl.obolibrary.org/obo/CHEBI_50509,potassium channel blocker,2
http://purl.obolibrary.org/obo/CHEBI_50510,potassium channel modulator,2
http://purl.obolibrary.org/obo/CHEBI_76414,propellant,2
http://purl.obolibrary.org/obo/CHEBI_91079,purinergic receptor P2 antagonist,2
http://purl.obolibrary.org/obo/CHEBI_78433,refrigerant,2
http://purl.obolibrary.org/obo/CHEBI_35846,renal agent,2
http://purl.obolibrary.org/obo/CHEBI_38809,ryanodine receptor modulator,2
http://purl.obolibrary.org/obo/CHEBI_60311,thyroid hormone,2
http://purl.obolibrary.org/obo/CHEBI_53559,topoisomerase IV inhibitor,2
http://purl.obolibrary.org/obo/CHEBI_73336,vulnerary,2
http://purl.obolibrary.org/obo/CHEBI_67199,AP-1 antagonist,1
http://purl.obolibrary.org/obo/CHEBI_76956,Aspergillus metabolite,1
http://purl.obolibrary.org/obo/CHEBI_70770,Aurora kinase inhibitor,1
http://purl.obolibrary.org/obo/CHEBI_39142,Bronsted base,1
http://purl.obolibrary.org/obo/CHEBI_50269,EC 1.1.1.1 (alcohol dehydrogenase) inhibitor,1
http://purl.obolibrary.org/obo/CHEBI_73136,EC 1.1.1.184 [carbonyl reductase (NADPH)] inhibitor,1
http://purl.obolibrary.org/obo/CHEBI_77425,EC 1.1.1.188 (prostaglandin-F synthase) inhibitor,1
http://purl.obolibrary.org/obo/CHEBI_53746,EC 1.1.1.205 (IMP dehydrogenase) inhibitor,1
http://purl.obolibrary.org/obo/CHEBI_48550,EC 1.1.1.21 (aldehyde reductase) inhibitor,1
http://purl.obolibrary.org/obo/CHEBI_77484,EC 1.1.1.25 (shikimate dehydrogenase) inhibitor,1
http://purl.obolibrary.org/obo/CHEBI_76737,EC 1.10.* (oxidoreductase acting on diphenols and related substances as donors) inhibitor,1
http://purl.obolibrary.org/obo/CHEBI_77019,"EC 1.10.99.* (oxidoreductases acting on diphenols and related substances as donors, other acceptors) inhibitor",1
http://purl.obolibrary.org/obo/CHEBI_77020,EC 1.10.99.2 [ribosyldihydronicotinamide dehydrogenase (quinone)] inhibitor,1
http://purl.obolibrary.org/obo/CHEBI_76738,EC 1.11.* (oxidoreductase acting on peroxide as donors) inhibitor,1
http://purl.obolibrary.org/obo/CHEBI_75381,EC 1.11.1.* (peroxidases) inhibitor,1
http://purl.obolibrary.org/obo/CHEBI_73181,EC 1.11.1.11 (L-ascorbate peroxidase) inhibitor,1
http://purl.obolibrary.org/obo/CHEBI_64964,EC 1.13.11.34 (arachidonate 5-lipoxygenase) inhibitor,1
http://purl.obolibrary.org/obo/CHEBI_77781,EC 1.14.13.181 (13-deoxydaunorubicin hydroxylase) inhibitor,1
http://purl.obolibrary.org/obo/CHEBI_76845,"EC 1.14.18.* (oxidoreductase acting on paired donors, miscellaneous compound as one donor, incorporating 1 atom of oxygen) inhibitor",1
http://purl.obolibrary.org/obo/CHEBI_59997,EC 1.14.18.1 (tyrosinase) inhibitor,1
http://purl.obolibrary.org/obo/CHEBI_76850,EC 1.17.3.* (oxidoreductase acting on CH or CH2 with oxygen as acceptor) inhibitor,1
http://purl.obolibrary.org/obo/CHEBI_35634,EC 1.17.3.2 (xanthine oxidase) inhibitor,1
http://purl.obolibrary.org/obo/CHEBI_76852,EC 1.2.1.* (oxidoreductase acting on donor aldehyde/oxo group with NAD(+) or NADP(+) as acceptor) inhibitor,1
http://purl.obolibrary.org/obo/CHEBI_35487,EC 1.2.1.3 [aldehyde dehydrogenase (NAD(+))] inhibitor,1
http://purl.obolibrary.org/obo/CHEBI_64416,EC 1.3.1.43 (arogenate dehydrogenase) inhibitor,1
http://purl.obolibrary.org/obo/CHEBI_139512,EC 1.3.1.9 [enoyl-[acyl-carrier-protein] reductase (NADH)] inhibitor,1
http://purl.obolibrary.org/obo/CHEBI_76858,"EC 1.3.98.* (oxidoreductase acting on donor CH-CH group, with other, known, acceptors) inhibitor",1
http://purl.obolibrary.org/obo/CHEBI_68542,EC 1.3.98.1 [dihydroorotate oxidase (fumarate)] inhibitor,1
http://purl.obolibrary.org/obo/CHEBI_64670,EC 1.8.1.9 (thioredoxin reductase) inhibitor,1
http://purl.obolibrary.org/obo/CHEBI_76736,EC 1.9.* (oxidoreductase acting on donor heme group) inhibitor,1
http://purl.obolibrary.org/obo/CHEBI_76870,"EC 1.9.3.* (oxidoreductase acting on donor heme group, oxygen as acceptor) inhibitor",1
http://purl.obolibrary.org/obo/CHEBI_38500,EC 1.9.3.1 (cytochrome c oxidase) inhibitor,1
http://purl.obolibrary.org/obo/CHEBI_76655,EC 2.1.* (C1-transferase) inhibitor,1
http://purl.obolibrary.org/obo/CHEBI_76874,"EC 2.1.2.* (hydroxymethyl-, formyl- and related transferases) inhibitor",1
http://purl.obolibrary.org/obo/CHEBI_64570,EC 2.1.2.1 (glycine hydroxymethyltransferase) inhibitor,1
http://purl.obolibrary.org/obo/CHEBI_76395,EC 2.3.1.48 (histone acetyltransferase) inhibitor,1
http://purl.obolibrary.org/obo/CHEBI_84799,EC 2.3.1.5 (arylamine N-acetyltransferase) inhibitor,1
http://purl.obolibrary.org/obo/CHEBI_84800,EC 2.4.1.1 (glycogen phosphorylase) inhibitor,1
http://purl.obolibrary.org/obo/CHEBI_63090,EC 2.4.2.1 (purine-nucleoside phosphorylase) inhibitor,1
http://purl.obolibrary.org/obo/CHEBI_62913,EC 2.4.2.30 (NAD(+) ADP-ribosyltransferase) inhibitor,1
http://purl.obolibrary.org/obo/CHEBI_50643,EC 2.5.1.1 (dimethylallyltranstransferase) inhibitor,1
http://purl.obolibrary.org/obo/CHEBI_84801,EC 2.7.1.127 (inositol-trisphosphate 3-kinase) inhibitor,1
http://purl.obolibrary.org/obo/CHEBI_84802,EC 2.7.1.151 (inositol-polyphosphate multikinase) inhibitor,1
http://purl.obolibrary.org/obo/CHEBI_62434,EC 2.7.10.1 (receptor protein-tyrosine kinase) inhibitor,1
http://purl.obolibrary.org/obo/CHEBI_76617,EC 2.7.10.2 (non-specific protein-tyrosine kinase) inhibitor,1
http://purl.obolibrary.org/obo/CHEBI_50925,EC 2.7.11.1 (non-specific serine/threonine protein kinase) inhibitor,1
http://purl.obolibrary.org/obo/CHEBI_82665,EC 2.7.11.22 (cyclin-dependent kinase) inhibitor,1
http://purl.obolibrary.org/obo/CHEBI_84803,EC 2.7.4.* (phosphotransferases with a phosphate group as acceptor) inhibitor,1
http://purl.obolibrary.org/obo/CHEBI_84804,EC 2.7.4.6 (nucleoside-diphosphate kinase) inhibitor,1
http://purl.obolibrary.org/obo/CHEBI_37416,EC 2.7.7.6 (RNA polymerase) inhibitor,1
http://purl.obolibrary.org/obo/CHEBI_63332,EC 3.1.3.1 (alkaline phosphatase) inhibitor,1
http://purl.obolibrary.org/obo/CHEBI_64763,EC 3.1.4.11 (phosphoinositide phospholipase C) inhibitor,1
http://purl.obolibrary.org/obo/CHEBI_76811,EC 3.1.4.12 (sphingomyelin phosphodiesterase) inhibitor,1
http://purl.obolibrary.org/obo/CHEBI_76761,EC 3.2.* (glycosylase) inhibitor,1
http://purl.obolibrary.org/obo/CHEBI_52424,EC 3.2.1.* (glycosidase) inhibitor,1
http://purl.obolibrary.org/obo/CHEBI_50627,EC 3.2.1.1 (alpha-amylase) inhibitor,1
http://purl.obolibrary.org/obo/CHEBI_67239,EC 3.2.1.20 (alpha-glucosidase) inhibitor,1
http://purl.obolibrary.org/obo/CHEBI_76788,EC 3.4.14.* (dipeptidyl- and tripeptidyl-peptidases) inhibitor,1
http://purl.obolibrary.org/obo/CHEBI_68612,EC 3.4.14.5 (dipeptidyl-peptidase IV) inhibitor,1
http://purl.obolibrary.org/obo/CHEBI_77745,EC 3.4.24.18 (meprin A) inhibitor,1
http://purl.obolibrary.org/obo/CHEBI_84264,EC 3.5.1.19 (nicotinamidase) inhibitor,1
http://purl.obolibrary.org/obo/CHEBI_77941,EC 3.5.1.4 (amidase) inhibitor,1
http://purl.obolibrary.org/obo/CHEBI_76808,EC 3.5.2.* (non-peptide cyclic amide C-N hydrolase) inhibitor,1
http://purl.obolibrary.org/obo/CHEBI_35625,EC 3.5.2.6 (beta-lactamase) inhibitor,1
http://purl.obolibrary.org/obo/CHEBI_76809,EC 3.5.4.* (non-peptide cyclic amidine C-N hydrolase) inhibitor,1
http://purl.obolibrary.org/obo/CHEBI_50445,EC 3.5.4.4 (adenosine deaminase) inhibitor,1
http://purl.obolibrary.org/obo/CHEBI_77747,EC 3.6.3.1 (phospholipid-translocating ATPase) inhibitor,1
http://purl.obolibrary.org/obo/CHEBI_63510,EC 3.6.3.9 (Na(+)/K(+)-transporting ATPase) inhibitor,1
http://purl.obolibrary.org/obo/CHEBI_65053,EC 4.1.1.19 (arginine decarboxylase) inhibitor,1
http://purl.obolibrary.org/obo/CHEBI_59321,EC 4.1.1.28 (aromatic-L-amino-acid decarboxylase) inhibitor,1
http://purl.obolibrary.org/obo/CHEBI_76713,EC 4.3.* (C-N lyase) inhibitor,1
http://purl.obolibrary.org/obo/CHEBI_76832,EC 4.3.1.* (ammonia-lyase) inhibitor,1
http://purl.obolibrary.org/obo/CHEBI_77703,EC 4.3.1.3 (histidine ammonia-lyase) inhibitor,1
http://purl.obolibrary.org/obo/CHEBI_76716,EC 4.6.* (P-O lyase) inhibitor,1
http://purl.obolibrary.org/obo/CHEBI_78678,EC 4.6.1.2 (guanylate cyclase) inhibitor,1
http://purl.obolibrary.org/obo/CHEBI_38999,GABA-gated chloride channel antagonist,1
http://purl.obolibrary.org/obo/CHEBI_91016,GABAA receptor agonist,1
http://purl.obolibrary.org/obo/CHEBI_140921,Hedgehog signaling pathway inhibitor,1
http://purl.obolibrary.org/obo/CHEBI_64338,K-ATP channel agonist,1
http://purl.obolibrary.org/obo/CHEBI_37335,MRI contrast agent,1
http://purl.obolibrary.org/obo/CHEBI_131604,Mycoplasma genitalium metabolite,1
http://purl.obolibrary.org/obo/CHEBI_76964,Penicillium metabolite,1
http://purl.obolibrary.org/obo/CHEBI_136651,S100 calcium-binding protein B inhibitor,1
http://purl.obolibrary.org/obo/CHEBI_131809,SMO receptor agonist,1
http://purl.obolibrary.org/obo/CHEBI_71181,Sir2 inhibitor,1
http://purl.obolibrary.org/obo/CHEBI_140535,TRPV1 agonist,1
http://purl.obolibrary.org/obo/CHEBI_50407,acid-base indicator,1
http://purl.obolibrary.org/obo/CHEBI_53121,adenosine A2A receptor antagonist,1
http://purl.obolibrary.org/obo/CHEBI_50444,adenosine phosphodiesterase inhibitor,1
http://purl.obolibrary.org/obo/CHEBI_62215,allelochemical,1
http://purl.obolibrary.org/obo/CHEBI_59941,amphiphile,1
http://purl.obolibrary.org/obo/CHEBI_48360,amphiprotic solvent,1
http://purl.obolibrary.org/obo/CHEBI_50926,angiogenesis modulating agent,1
http://purl.obolibrary.org/obo/CHEBI_50855,antiatherogenic agent,1
http://purl.obolibrary.org/obo/CHEBI_90757,antidote to benzodiazepine poisoning,1
http://purl.obolibrary.org/obo/CHEBI_90749,antidote to cyanide poisoning,1
http://purl.obolibrary.org/obo/CHEBI_90753,antidote to organophosphate poisoning,1
http://purl.obolibrary.org/obo/CHEBI_77973,antifoaming agent,1
http://purl.obolibrary.org/obo/CHEBI_65256,antimicrobial food preservative,1
http://purl.obolibrary.org/obo/CHEBI_59010,antiseborrheic,1
http://purl.obolibrary.org/obo/CHEBI_50685,antitrichomonal drug,1
http://purl.obolibrary.org/obo/CHEBI_50779,appetite enhancer,1
http://purl.obolibrary.org/obo/CHEBI_48357,aprotic solvent,1
http://purl.obolibrary.org/obo/CHEBI_88230,autophagy inhibitor,1
http://purl.obolibrary.org/obo/CHEBI_22695,base,1
http://purl.obolibrary.org/obo/CHEBI_132717,bleaching agent,1
http://purl.obolibrary.org/obo/CHEBI_38849,blood substitute,1
http://purl.obolibrary.org/obo/CHEBI_77496,bradykinin receptor B2 agonist,1
http://purl.obolibrary.org/obo/CHEBI_77495,bradykinin receptor agonist,1
http://purl.obolibrary.org/obo/CHEBI_38807,calcium channel agonist,1
http://purl.obolibrary.org/obo/CHEBI_22986,calcium ionophore,1
http://purl.obolibrary.org/obo/CHEBI_35223,catalyst,1
http://purl.obolibrary.org/obo/CHEBI_75325,cathartic,1
http://purl.obolibrary.org/obo/CHEBI_63673,chemokine receptor 5 antagonist,1
http://purl.obolibrary.org/obo/CHEBI_50241,cholinesterase reactivator,1
http://purl.obolibrary.org/obo/CHEBI_23240,chromophore,1
http://purl.obolibrary.org/obo/CHEBI_35818,coccidiostat,1
http://purl.obolibrary.org/obo/CHEBI_50410,colour indicator,1
http://purl.obolibrary.org/obo/CHEBI_50684,cross-linking reagent,1
http://purl.obolibrary.org/obo/CHEBI_60601,delta-opioid agent,1
http://purl.obolibrary.org/obo/CHEBI_59283,delta-opioid receptor antagonist,1
http://purl.obolibrary.org/obo/CHEBI_27780,detergent,1
http://purl.obolibrary.org/obo/CHEBI_37334,diagnostic imaging agent,1
http://purl.obolibrary.org/obo/CHEBI_38956,ectoparasiticide,1
http://purl.obolibrary.org/obo/CHEBI_38496,electron-transport chain inhibitor,1
http://purl.obolibrary.org/obo/CHEBI_138015,endocrine disruptor,1
http://purl.obolibrary.org/obo/CHEBI_51451,endothelin receptor antagonist,1
http://purl.obolibrary.org/obo/CHEBI_50242,enzyme reactivator,1
http://purl.obolibrary.org/obo/CHEBI_75282,ergosterol biosynthesis inhibitor,1
http://purl.obolibrary.org/obo/CHEBI_91025,erythropoietin inhibitor,1
http://purl.obolibrary.org/obo/CHEBI_50792,estrogen receptor antagonist,1
http://purl.obolibrary.org/obo/CHEBI_77035,expectorant,1
http://purl.obolibrary.org/obo/CHEBI_50185,fatty acid synthesis inhibitor,1
http://purl.obolibrary.org/obo/CHEBI_51121,fluorescent dye,1
http://purl.obolibrary.org/obo/CHEBI_39442,fluorescent probe,1
http://purl.obolibrary.org/obo/CHEBI_51217,fluorochrome,1
http://purl.obolibrary.org/obo/CHEBI_78058,food antifoaming agent,1
http://purl.obolibrary.org/obo/CHEBI_78004,food bulking agent,1
http://purl.obolibrary.org/obo/CHEBI_77960,food firming agent,1
http://purl.obolibrary.org/obo/CHEBI_78016,food gelling agent,1
http://purl.obolibrary.org/obo/CHEBI_48318,fragrance,1
http://purl.obolibrary.org/obo/CHEBI_82891,glucocorticoid receptor antagonist,1
http://purl.obolibrary.org/obo/CHEBI_64370,glutamate transporter activator,1
http://purl.obolibrary.org/obo/CHEBI_64589,glycine receptor agonist,1
http://purl.obolibrary.org/obo/CHEBI_63533,gonadotropin releasing hormone agonist,1
http://purl.obolibrary.org/obo/CHEBI_77178,histological dye,1
http://purl.obolibrary.org/obo/CHEBI_84087,human urinary metabolite,1
http://purl.obolibrary.org/obo/CHEBI_24850,insect attractant,1
http://purl.obolibrary.org/obo/CHEBI_36710,interferon inducer,1
http://purl.obolibrary.org/obo/CHEBI_50184,ion transport inhibitor,1
http://purl.obolibrary.org/obo/CHEBI_24874,iron ionophore,1
http://purl.obolibrary.org/obo/CHEBI_24028,iron(3+) chelator,1
http://purl.obolibrary.org/obo/CHEBI_131509,lysine-specific histone demethylase 1A inhibitor,1
http://purl.obolibrary.org/obo/CHEBI_83399,marine xenobiotic metabolite,1
http://purl.obolibrary.org/obo/CHEBI_50664,matrix metalloproteinase inhibitor,1
http://purl.obolibrary.org/obo/CHEBI_61950,microtubule-stabilising agent,1
http://purl.obolibrary.org/obo/CHEBI_25355,mitochondrial respiratory-chain inhibitor,1
http://purl.obolibrary.org/obo/CHEBI_77034,mucolytic,1
http://purl.obolibrary.org/obo/CHEBI_50909,nephrotoxic agent,1
http://purl.obolibrary.org/obo/CHEBI_64371,neurotransmitter transporter modulator,1
http://purl.obolibrary.org/obo/CHEBI_90709,nuclear receptor modulator,1
http://purl.obolibrary.org/obo/CHEBI_50504,osmotic diuretic,1
http://purl.obolibrary.org/obo/CHEBI_63248,oxidising agent,1
http://purl.obolibrary.org/obo/CHEBI_25943,pesticide synergist,1
http://purl.obolibrary.org/obo/CHEBI_63060,phase-transfer catalyst,1
http://purl.obolibrary.org/obo/CHEBI_35208,physical tracer,1
http://purl.obolibrary.org/obo/CHEBI_76989,phytoestrogen,1
http://purl.obolibrary.org/obo/CHEBI_22917,phytogenic insecticide,1
http://purl.obolibrary.org/obo/CHEBI_73182,plant activator,1
http://purl.obolibrary.org/obo/CHEBI_35219,plant growth retardant,1
http://purl.obolibrary.org/obo/CHEBI_37848,plant hormone,1
http://purl.obolibrary.org/obo/CHEBI_79056,plasticiser,1
http://purl.obolibrary.org/obo/CHEBI_48358,polar aprotic solvent,1
http://purl.obolibrary.org/obo/CHEBI_77318,pregnane X receptor agonist,1
http://purl.obolibrary.org/obo/CHEBI_70709,progesterone receptor agonist,1
http://purl.obolibrary.org/obo/CHEBI_71212,prohormone,1
http://purl.obolibrary.org/obo/CHEBI_136644,proinsecticide,1
http://purl.obolibrary.org/obo/CHEBI_136643,propesticide,1
http://purl.obolibrary.org/obo/CHEBI_49023,prostaglandin antagonist,1
http://purl.obolibrary.org/obo/CHEBI_26348,prosthetic group,1
http://purl.obolibrary.org/obo/CHEBI_64018,protein kinase C agonist,1
http://purl.obolibrary.org/obo/CHEBI_64106,protein kinase agonist,1
http://purl.obolibrary.org/obo/CHEBI_48359,protophilic solvent,1
http://purl.obolibrary.org/obo/CHEBI_67200,provitamin A,1
http://purl.obolibrary.org/obo/CHEBI_39259,pyrethroid ester acaricide,1
http://purl.obolibrary.org/obo/CHEBI_39116,pyrethroid ester insecticide,1
http://purl.obolibrary.org/obo/CHEBI_26413,pyrethroid insecticide,1
http://purl.obolibrary.org/obo/CHEBI_68543,pyrimidine synthesis inhibitor,1
http://purl.obolibrary.org/obo/CHEBI_66987,radiation protective agent,1
http://purl.obolibrary.org/obo/CHEBI_77971,raising agent,1
http://purl.obolibrary.org/obo/CHEBI_38497,respiratory-chain inhibitor,1
http://purl.obolibrary.org/obo/CHEBI_67198,retinoic acid receptor agonist,1
http://purl.obolibrary.org/obo/CHEBI_90708,retinoic acid receptor modulator,1
http://purl.obolibrary.org/obo/CHEBI_63794,retinoid X receptor agonist,1
http://purl.obolibrary.org/obo/CHEBI_67114,ryanodine receptor agonist,1
http://purl.obolibrary.org/obo/CHEBI_146223,ryanodine receptor antagonist,1
http://purl.obolibrary.org/obo/CHEBI_48353,serine proteinase inhibitor,1
http://purl.obolibrary.org/obo/CHEBI_26672,siderophore,1
http://purl.obolibrary.org/obo/CHEBI_63330,sodium-dependent Pi-transporter inhibitor,1
http://purl.obolibrary.org/obo/CHEBI_83317,sterol biosynthesis inhibitor,1
http://purl.obolibrary.org/obo/CHEBI_35204,tracer,1
http://purl.obolibrary.org/obo/CHEBI_140489,tropomyosin-related kinase B receptor agonist,1
http://purl.obolibrary.org/obo/CHEBI_36335,trypanocidal drug,1
http://purl.obolibrary.org/obo/CHEBI_73335,ultraviolet filter,1
http://purl.obolibrary.org/obo/CHEBI_64584,uremic toxin,1
http://purl.obolibrary.org/obo/CHEBI_35841,uricosuric drug,1
http://purl.obolibrary.org/obo/CHEBI_65207,vascular endothelial growth factor receptor antagonist,1
http://purl.obolibrary.org/obo/CHEBI_59727,vasopressin receptor agonist,1
http://purl.obolibrary.org/obo/CHEBI_50408,visual indicator,1
http://purl.obolibrary.org/obo/CHEBI_21241,vitamin C,1
http://purl.obolibrary.org/obo/CHEBI_55347,vitamin K antagonist,1
http://purl.obolibrary.org/obo/CHEBI_27311,volatile oil component,1
http://purl.obolibrary.org/obo/CHEBI_38634,voltage-gated sodium channel blocker,1
http://purl.obolibrary.org/obo/CHEBI_76988,xenoestrogen,1
