role,rolelab
http://purl.obolibrary.org/obo/CHEBI_130181,calmodulin antagonist
http://purl.obolibrary.org/obo/CHEBI_131699,EC 2.7.7.7 (DNA-directed DNA polymerase) inhibitor
http://purl.obolibrary.org/obo/CHEBI_131770,EC 3.6.3.49 (channel-conductance-controlling ATPase) inhibitor
http://purl.obolibrary.org/obo/CHEBI_131787,dopamine receptor D2 antagonist
http://purl.obolibrary.org/obo/CHEBI_139503,vitamin D receptor agonist
http://purl.obolibrary.org/obo/CHEBI_22333,alkylating agent
http://purl.obolibrary.org/obo/CHEBI_22586,antioxidant
http://purl.obolibrary.org/obo/CHEBI_77962,food antioxidant
http://purl.obolibrary.org/obo/CHEBI_48578,radical scavenger
http://purl.obolibrary.org/obo/CHEBI_23018,EC 4.2.1.1 (carbonic anhydrase) inhibitor
http://purl.obolibrary.org/obo/CHEBI_23354,coenzyme
http://purl.obolibrary.org/obo/CHEBI_24430,group transfer coenzymes
http://purl.obolibrary.org/obo/CHEBI_23357,cofactor
http://purl.obolibrary.org/obo/CHEBI_26672,siderophore
http://purl.obolibrary.org/obo/CHEBI_26348,prosthetic group
http://purl.obolibrary.org/obo/CHEBI_143131,ferric yersiniabactin
http://purl.obolibrary.org/obo/CHEBI_26671,sideramine
http://purl.obolibrary.org/obo/CHEBI_23366,compatible osmolytes
http://purl.obolibrary.org/obo/CHEBI_23888,drug
http://purl.obolibrary.org/obo/CHEBI_35441,antiinfective agent
http://purl.obolibrary.org/obo/CHEBI_35610,antineoplastic agent
http://purl.obolibrary.org/obo/CHEBI_48422,angiogenesis inhibitor
http://purl.obolibrary.org/obo/CHEBI_66981,ophthalmology drug
http://purl.obolibrary.org/obo/CHEBI_35498,diuretic
http://purl.obolibrary.org/obo/CHEBI_49167,anti-asthmatic drug
http://purl.obolibrary.org/obo/CHEBI_35472,anti-inflammatory drug
http://purl.obolibrary.org/obo/CHEBI_35470,central nervous system drug
http://purl.obolibrary.org/obo/CHEBI_50267,protective agent
http://purl.obolibrary.org/obo/CHEBI_88188,drug allergen
http://purl.obolibrary.org/obo/CHEBI_35480,analgesic
http://purl.obolibrary.org/obo/CHEBI_49201,anti-ulcer drug
http://purl.obolibrary.org/obo/CHEBI_55324,gastrointestinal drug
http://purl.obolibrary.org/obo/CHEBI_50919,antiemetic
http://purl.obolibrary.org/obo/CHEBI_50646,bone density conservation agent
http://purl.obolibrary.org/obo/CHEBI_74783,astringent
http://purl.obolibrary.org/obo/CHEBI_47868,photosensitizing agent
http://purl.obolibrary.org/obo/CHEBI_38867,anaesthetic
http://purl.obolibrary.org/obo/CHEBI_35523,bronchodilator agent
http://purl.obolibrary.org/obo/CHEBI_50733,nutraceutical
http://purl.obolibrary.org/obo/CHEBI_50503,laxative
http://purl.obolibrary.org/obo/CHEBI_35493,antipyretic
http://purl.obolibrary.org/obo/CHEBI_50266,prodrug
http://purl.obolibrary.org/obo/CHEBI_35526,hypoglycemic agent
http://purl.obolibrary.org/obo/CHEBI_50141,bronchoconstrictor agent
http://purl.obolibrary.org/obo/CHEBI_86327,antifungal drug
http://purl.obolibrary.org/obo/CHEBI_35679,antilipemic drug
http://purl.obolibrary.org/obo/CHEBI_50751,anti-estrogen
http://purl.obolibrary.org/obo/CHEBI_50857,anti-allergic agent
http://purl.obolibrary.org/obo/CHEBI_51372,neuromuscular agent
http://purl.obolibrary.org/obo/CHEBI_50177,dermatologic drug
http://purl.obolibrary.org/obo/CHEBI_50926,angiogenesis modulating agent
http://purl.obolibrary.org/obo/CHEBI_132992,radiosensitizing agent
http://purl.obolibrary.org/obo/CHEBI_52726,proteasome inhibitor
http://purl.obolibrary.org/obo/CHEBI_73336,vulnerary
http://purl.obolibrary.org/obo/CHEBI_51177,antitussive
http://purl.obolibrary.org/obo/CHEBI_49110,peripheral nervous system drug
http://purl.obolibrary.org/obo/CHEBI_35554,cardiovascular drug
http://purl.obolibrary.org/obo/CHEBI_51061,hormone receptor modulator
http://purl.obolibrary.org/obo/CHEBI_50248,hematologic agent
http://purl.obolibrary.org/obo/CHEBI_90710,receptor modulator
http://purl.obolibrary.org/obo/CHEBI_77715,nasal decongestant
http://purl.obolibrary.org/obo/CHEBI_35842,antirheumatic drug
http://purl.obolibrary.org/obo/CHEBI_50846,immunomodulator
http://purl.obolibrary.org/obo/CHEBI_36063,oxytocic
http://purl.obolibrary.org/obo/CHEBI_66956,antidyskinesia agent
http://purl.obolibrary.org/obo/CHEBI_77034,mucolytic
http://purl.obolibrary.org/obo/CHEBI_66980,nootropic agent
http://purl.obolibrary.org/obo/CHEBI_50513,mydriatic agent
http://purl.obolibrary.org/obo/CHEBI_77035,expectorant
http://purl.obolibrary.org/obo/CHEBI_35942,neurotransmitter agent
http://purl.obolibrary.org/obo/CHEBI_48676,fibrin modulating drug
http://purl.obolibrary.org/obo/CHEBI_50739,estrogen receptor modulator
http://purl.obolibrary.org/obo/CHEBI_50792,estrogen receptor antagonist
http://purl.obolibrary.org/obo/CHEBI_65265,antacid
http://purl.obolibrary.org/obo/CHEBI_71031,orphan drug
http://purl.obolibrary.org/obo/CHEBI_35846,renal agent
http://purl.obolibrary.org/obo/CHEBI_36710,interferon inducer
http://purl.obolibrary.org/obo/CHEBI_59844,antihyperplasia drug
http://purl.obolibrary.org/obo/CHEBI_48525,calcimimetic
http://purl.obolibrary.org/obo/CHEBI_50689,reproductive control drug
http://purl.obolibrary.org/obo/CHEBI_50780,appetite regulator
http://purl.obolibrary.org/obo/CHEBI_59864,depigmentation drug
http://purl.obolibrary.org/obo/CHEBI_61026,bile therapy drug
http://purl.obolibrary.org/obo/CHEBI_76916,hyperglycemic agent
http://purl.obolibrary.org/obo/CHEBI_35442,antiparasitic agent
http://purl.obolibrary.org/obo/CHEBI_36043,antimicrobial drug
http://purl.obolibrary.org/obo/CHEBI_48218,antiseptic drug
http://purl.obolibrary.org/obo/CHEBI_39456,antiglaucoma drug
http://purl.obolibrary.org/obo/CHEBI_50504,osmotic diuretic
http://purl.obolibrary.org/obo/CHEBI_77608,loop diuretic
http://purl.obolibrary.org/obo/CHEBI_35475,non-steroidal anti-inflammatory drug
http://purl.obolibrary.org/obo/CHEBI_35488,central nervous system depressant
http://purl.obolibrary.org/obo/CHEBI_35471,psychotropic drug
http://purl.obolibrary.org/obo/CHEBI_35337,central nervous system stimulant
http://purl.obolibrary.org/obo/CHEBI_62868,hepatoprotective agent
http://purl.obolibrary.org/obo/CHEBI_63726,neuroprotective agent
http://purl.obolibrary.org/obo/CHEBI_77307,cardioprotective agent
http://purl.obolibrary.org/obo/CHEBI_76595,nephroprotective agent
http://purl.obolibrary.org/obo/CHEBI_50247,antidote
http://purl.obolibrary.org/obo/CHEBI_66987,radiation protective agent
http://purl.obolibrary.org/obo/CHEBI_35482,opioid analgesic
http://purl.obolibrary.org/obo/CHEBI_35481,non-narcotic analgesic
http://purl.obolibrary.org/obo/CHEBI_55323,antidiarrhoeal drug
http://purl.obolibrary.org/obo/CHEBI_38869,general anaesthetic
http://purl.obolibrary.org/obo/CHEBI_36333,local anaesthetic
http://purl.obolibrary.org/obo/CHEBI_75769,B vitamin
http://purl.obolibrary.org/obo/CHEBI_50864,insulin-sensitizing drug
http://purl.obolibrary.org/obo/CHEBI_35821,anticholesteremic drug
http://purl.obolibrary.org/obo/CHEBI_51371,muscle relaxant
http://purl.obolibrary.org/obo/CHEBI_50176,keratolytic drug
http://purl.obolibrary.org/obo/CHEBI_59683,antipruritic drug
http://purl.obolibrary.org/obo/CHEBI_50748,antipsoriatic
http://purl.obolibrary.org/obo/CHEBI_59010,antiseborrheic
http://purl.obolibrary.org/obo/CHEBI_72571,pro-angiogenic agent
http://purl.obolibrary.org/obo/CHEBI_50927,angiogenesis inducing agent
http://purl.obolibrary.org/obo/CHEBI_35620,vasodilator agent
http://purl.obolibrary.org/obo/CHEBI_35674,antihypertensive agent
http://purl.obolibrary.org/obo/CHEBI_50514,vasoconstrictor agent
http://purl.obolibrary.org/obo/CHEBI_38070,anti-arrhythmia drug
http://purl.obolibrary.org/obo/CHEBI_137431,antihypotensive agent
http://purl.obolibrary.org/obo/CHEBI_145947,antiatherosclerotic agent
http://purl.obolibrary.org/obo/CHEBI_50855,antiatherogenic agent
http://purl.obolibrary.org/obo/CHEBI_38147,cardiotonic drug
http://purl.obolibrary.org/obo/CHEBI_138015,endocrine disruptor
http://purl.obolibrary.org/obo/CHEBI_51060,hormone agonist
http://purl.obolibrary.org/obo/CHEBI_49020,hormone antagonist
http://purl.obolibrary.org/obo/CHEBI_71027,progesterone receptor modulator
http://purl.obolibrary.org/obo/CHEBI_50249,anticoagulant
http://purl.obolibrary.org/obo/CHEBI_50427,platelet aggregation inhibitor
http://purl.obolibrary.org/obo/CHEBI_90709,nuclear receptor modulator
http://purl.obolibrary.org/obo/CHEBI_35845,gout suppressant
http://purl.obolibrary.org/obo/CHEBI_50847,immunological adjuvant
http://purl.obolibrary.org/obo/CHEBI_35705,immunosuppressive agent
http://purl.obolibrary.org/obo/CHEBI_48407,antiparkinson drug
http://purl.obolibrary.org/obo/CHEBI_48560,dopaminergic agent
http://purl.obolibrary.org/obo/CHEBI_51374,GABA agent
http://purl.obolibrary.org/obo/CHEBI_37962,adrenergic agent
http://purl.obolibrary.org/obo/CHEBI_38323,cholinergic drug
http://purl.obolibrary.org/obo/CHEBI_51068,miotic
http://purl.obolibrary.org/obo/CHEBI_53353,GHB receptor agonist
http://purl.obolibrary.org/obo/CHEBI_50103,excitatory amino acid agonist
http://purl.obolibrary.org/obo/CHEBI_48278,serotonergic drug
http://purl.obolibrary.org/obo/CHEBI_37957,histaminergic drug
http://purl.obolibrary.org/obo/CHEBI_85384,GABA reuptake inhibitor
http://purl.obolibrary.org/obo/CHEBI_60598,opioid agent
http://purl.obolibrary.org/obo/CHEBI_64371,neurotransmitter transporter modulator
http://purl.obolibrary.org/obo/CHEBI_72294,nerve growth factor stimulator
http://purl.obolibrary.org/obo/CHEBI_48675,antifibrinolytic drug
http://purl.obolibrary.org/obo/CHEBI_35841,uricosuric drug
http://purl.obolibrary.org/obo/CHEBI_66993,tocolytic agent
http://purl.obolibrary.org/obo/CHEBI_49323,contraceptive drug
http://purl.obolibrary.org/obo/CHEBI_50691,abortifacient
http://purl.obolibrary.org/obo/CHEBI_50507,appetite depressant
http://purl.obolibrary.org/obo/CHEBI_50779,appetite enhancer
http://purl.obolibrary.org/obo/CHEBI_64933,melanin synthesis inhibitor
http://purl.obolibrary.org/obo/CHEBI_64915,antiplasmodial drug
http://purl.obolibrary.org/obo/CHEBI_35443,anthelminthic drug
http://purl.obolibrary.org/obo/CHEBI_35820,antiprotozoal drug
http://purl.obolibrary.org/obo/CHEBI_38956,ectoparasiticide
http://purl.obolibrary.org/obo/CHEBI_36053,acaricide drug
http://purl.obolibrary.org/obo/CHEBI_36047,antibacterial drug
http://purl.obolibrary.org/obo/CHEBI_36044,antiviral drug
http://purl.obolibrary.org/obo/CHEBI_35623,anticonvulsant
http://purl.obolibrary.org/obo/CHEBI_35717,sedative
http://purl.obolibrary.org/obo/CHEBI_35473,tranquilizing drug
http://purl.obolibrary.org/obo/CHEBI_35469,antidepressant
http://purl.obolibrary.org/obo/CHEBI_137736,anxiogenic
http://purl.obolibrary.org/obo/CHEBI_35499,hallucinogen
http://purl.obolibrary.org/obo/CHEBI_77567,eugeroic
http://purl.obolibrary.org/obo/CHEBI_90749,antidote to cyanide poisoning
http://purl.obolibrary.org/obo/CHEBI_134173,antidote to barbiturate poisoning
http://purl.obolibrary.org/obo/CHEBI_90755,antidote to opioid poisoning
http://purl.obolibrary.org/obo/CHEBI_136860,antidote to sarin poisoning
http://purl.obolibrary.org/obo/CHEBI_74529,antidote to paracetamol poisoning
http://purl.obolibrary.org/obo/CHEBI_74530,antidote to curare poisoning
http://purl.obolibrary.org/obo/CHEBI_90757,antidote to benzodiazepine poisoning
http://purl.obolibrary.org/obo/CHEBI_90753,antidote to organophosphate poisoning
http://purl.obolibrary.org/obo/CHEBI_38877,intravenous anaesthetic
http://purl.obolibrary.org/obo/CHEBI_38870,inhalation anaesthetic
http://purl.obolibrary.org/obo/CHEBI_48425,topical anaesthetic
http://purl.obolibrary.org/obo/CHEBI_53784,antispasmodic drug
http://purl.obolibrary.org/obo/CHEBI_51577,partial prostacyclin agonist
http://purl.obolibrary.org/obo/CHEBI_35457,EC 3.4.15.1 (peptidyl-dipeptidase A) inhibitor
http://purl.obolibrary.org/obo/CHEBI_76988,xenoestrogen
http://purl.obolibrary.org/obo/CHEBI_138416,angiotensin receptor agonist
http://purl.obolibrary.org/obo/CHEBI_70709,progesterone receptor agonist
http://purl.obolibrary.org/obo/CHEBI_59727,vasopressin receptor agonist
http://purl.obolibrary.org/obo/CHEBI_63533,gonadotropin releasing hormone agonist
http://purl.obolibrary.org/obo/CHEBI_73334,thyroid hormone agonist
http://purl.obolibrary.org/obo/CHEBI_49159,leukotriene antagonist
http://purl.obolibrary.org/obo/CHEBI_35497,androgen antagonist
http://purl.obolibrary.org/obo/CHEBI_61016,angiotensin receptor antagonist
http://purl.obolibrary.org/obo/CHEBI_76977,corticotropin-releasing factor receptor antagonist
http://purl.obolibrary.org/obo/CHEBI_49023,prostaglandin antagonist
http://purl.obolibrary.org/obo/CHEBI_50671,antithyroid drug
http://purl.obolibrary.org/obo/CHEBI_59229,GnRH antagonist
http://purl.obolibrary.org/obo/CHEBI_59680,vasopressin receptor antagonist
http://purl.obolibrary.org/obo/CHEBI_50837,estrogen antagonist
http://purl.obolibrary.org/obo/CHEBI_73296,cholecystokinin antagonist
http://purl.obolibrary.org/obo/CHEBI_50827,antiparathyroid drug
http://purl.obolibrary.org/obo/CHEBI_50843,antimineralocorticoid
http://purl.obolibrary.org/obo/CHEBI_51451,endothelin receptor antagonist
http://purl.obolibrary.org/obo/CHEBI_60649,glucagon receptor antagonist
http://purl.obolibrary.org/obo/CHEBI_50433,platelet glycoprotein-IIb/IIIa receptor antagonist
http://purl.obolibrary.org/obo/CHEBI_90708,retinoic acid receptor modulator
http://purl.obolibrary.org/obo/CHEBI_48561,dopaminergic antagonist
http://purl.obolibrary.org/obo/CHEBI_51039,dopamine uptake inhibitor
http://purl.obolibrary.org/obo/CHEBI_51065,dopamine agonist
http://purl.obolibrary.org/obo/CHEBI_51373,GABA agonist
http://purl.obolibrary.org/obo/CHEBI_50268,GABA modulator
http://purl.obolibrary.org/obo/CHEBI_65259,GABA antagonist
http://purl.obolibrary.org/obo/CHEBI_35640,adrenergic uptake inhibitor
http://purl.obolibrary.org/obo/CHEBI_35524,sympathomimetic agent
http://purl.obolibrary.org/obo/CHEBI_37886,adrenergic agonist
http://purl.obolibrary.org/obo/CHEBI_66991,sympatholytic agent
http://purl.obolibrary.org/obo/CHEBI_37887,adrenergic antagonist
http://purl.obolibrary.org/obo/CHEBI_48539,alpha-adrenergic drug
http://purl.obolibrary.org/obo/CHEBI_48540,beta-adrenergic drug
http://purl.obolibrary.org/obo/CHEBI_38324,cholinergic agonist
http://purl.obolibrary.org/obo/CHEBI_48873,cholinergic antagonist
http://purl.obolibrary.org/obo/CHEBI_64571,NMDA receptor agonist
http://purl.obolibrary.org/obo/CHEBI_35941,serotonergic agonist
http://purl.obolibrary.org/obo/CHEBI_48279,serotonergic antagonist
http://purl.obolibrary.org/obo/CHEBI_50949,serotonin uptake inhibitor
http://purl.obolibrary.org/obo/CHEBI_37956,histamine antagonist
http://purl.obolibrary.org/obo/CHEBI_35678,histamine agonist
http://purl.obolibrary.org/obo/CHEBI_60606,opioid receptor agonist
http://purl.obolibrary.org/obo/CHEBI_60599,mu-opioid agent
http://purl.obolibrary.org/obo/CHEBI_60605,opioid receptor antagonist
http://purl.obolibrary.org/obo/CHEBI_60603,kappa-opioid agent
http://purl.obolibrary.org/obo/CHEBI_60601,delta-opioid agent
http://purl.obolibrary.org/obo/CHEBI_64370,glutamate transporter activator
http://purl.obolibrary.org/obo/CHEBI_49324,female contraceptive drug
http://purl.obolibrary.org/obo/CHEBI_38068,antimalarial
http://purl.obolibrary.org/obo/CHEBI_35444,antinematodal drug
http://purl.obolibrary.org/obo/CHEBI_35684,antiplatyhelmintic drug
http://purl.obolibrary.org/obo/CHEBI_36335,trypanocidal drug
http://purl.obolibrary.org/obo/CHEBI_70868,antileishmanial agent
http://purl.obolibrary.org/obo/CHEBI_35818,coccidiostat
http://purl.obolibrary.org/obo/CHEBI_50685,antitrichomonal drug
http://purl.obolibrary.org/obo/CHEBI_64912,antimycobacterial drug
http://purl.obolibrary.org/obo/CHEBI_36050,antitreponemal drug
http://purl.obolibrary.org/obo/CHEBI_52425,EC 3.2.1.18 (exo-alpha-sialidase) inhibitor
http://purl.obolibrary.org/obo/CHEBI_59886,HIV fusion inhibitor
http://purl.obolibrary.org/obo/CHEBI_35474,anxiolytic drug
http://purl.obolibrary.org/obo/CHEBI_35476,antipsychotic agent
http://purl.obolibrary.org/obo/CHEBI_35477,antimanic drug
http://purl.obolibrary.org/obo/CHEBI_50844,aldosterone antagonist
http://purl.obolibrary.org/obo/CHEBI_51452,endothelin A receptor antagonist
http://purl.obolibrary.org/obo/CHEBI_90714,retinoic acid receptor antagonist
http://purl.obolibrary.org/obo/CHEBI_67198,retinoic acid receptor agonist
http://purl.obolibrary.org/obo/CHEBI_131795,dopamine receptor D1 agonist
http://purl.obolibrary.org/obo/CHEBI_143001,GABAB receptor agonist
http://purl.obolibrary.org/obo/CHEBI_91016,GABAA receptor agonist
http://purl.obolibrary.org/obo/CHEBI_145515,GABAA receptor antagonist
http://purl.obolibrary.org/obo/CHEBI_35522,beta-adrenergic agonist
http://purl.obolibrary.org/obo/CHEBI_35569,alpha-adrenergic agonist
http://purl.obolibrary.org/obo/CHEBI_37890,alpha-adrenergic antagonist
http://purl.obolibrary.org/obo/CHEBI_35530,beta-adrenergic antagonist
http://purl.obolibrary.org/obo/CHEBI_38325,muscarinic agonist
http://purl.obolibrary.org/obo/CHEBI_47958,nicotinic acetylcholine receptor agonist
http://purl.obolibrary.org/obo/CHEBI_48876,muscarinic antagonist
http://purl.obolibrary.org/obo/CHEBI_48878,nicotinic antagonist
http://purl.obolibrary.org/obo/CHEBI_50370,parasympatholytic
http://purl.obolibrary.org/obo/CHEBI_37955,H1-receptor antagonist
http://purl.obolibrary.org/obo/CHEBI_37961,H2-receptor antagonist
http://purl.obolibrary.org/obo/CHEBI_64176,H3-receptor antagonist
http://purl.obolibrary.org/obo/CHEBI_71173,H1-receptor agonist
http://purl.obolibrary.org/obo/CHEBI_64154,H3-receptor agonist
http://purl.obolibrary.org/obo/CHEBI_64155,H4-receptor agonist
http://purl.obolibrary.org/obo/CHEBI_55322,mu-opioid receptor agonist
http://purl.obolibrary.org/obo/CHEBI_64054,delta-opioid receptor agonist
http://purl.obolibrary.org/obo/CHEBI_59282,kappa-opioid receptor agonist
http://purl.obolibrary.org/obo/CHEBI_50137,mu-opioid receptor antagonist
http://purl.obolibrary.org/obo/CHEBI_59283,delta-opioid receptor antagonist
http://purl.obolibrary.org/obo/CHEBI_49325,oral contraceptive
http://purl.obolibrary.org/obo/CHEBI_38941,schistosomicide drug
http://purl.obolibrary.org/obo/CHEBI_33231,antitubercular agent
http://purl.obolibrary.org/obo/CHEBI_35816,leprostatic drug
http://purl.obolibrary.org/obo/CHEBI_36051,antisyphilitic drug
http://purl.obolibrary.org/obo/CHEBI_65190,first generation antipsychotic
http://purl.obolibrary.org/obo/CHEBI_65191,second generation antipsychotic
http://purl.obolibrary.org/obo/CHEBI_90713,retinoic acid receptor alpha antagonist
http://purl.obolibrary.org/obo/CHEBI_90744,retinoic acid receptor gamma antagonist
http://purl.obolibrary.org/obo/CHEBI_50741,retinoic acid receptor alpha/beta agonist
http://purl.obolibrary.org/obo/CHEBI_88336,retinoic acid receptor gamma agonist
http://purl.obolibrary.org/obo/CHEBI_90742,retinoic acid receptor beta agonist
http://purl.obolibrary.org/obo/CHEBI_25540,neonicotinoid insectide
http://purl.obolibrary.org/obo/CHEBI_49326,synthetic oral contraceptive
http://purl.obolibrary.org/obo/CHEBI_37930,phenothiazine antipsychotic drug
http://purl.obolibrary.org/obo/CHEBI_24020,fat-soluble vitamin
http://purl.obolibrary.org/obo/CHEBI_24621,hormone
http://purl.obolibrary.org/obo/CHEBI_60311,thyroid hormone
http://purl.obolibrary.org/obo/CHEBI_37848,plant hormone
http://purl.obolibrary.org/obo/CHEBI_36413,anabolic agent
http://purl.obolibrary.org/obo/CHEBI_37845,growth hormone
http://purl.obolibrary.org/obo/CHEBI_50112,sex hormone
http://purl.obolibrary.org/obo/CHEBI_24937,jasmonates
http://purl.obolibrary.org/obo/CHEBI_23530,cytokinin
http://purl.obolibrary.org/obo/CHEBI_22676,auxin
http://purl.obolibrary.org/obo/CHEBI_50114,estrogen
http://purl.obolibrary.org/obo/CHEBI_50113,androgen
http://purl.obolibrary.org/obo/CHEBI_50745,progestogen
http://purl.obolibrary.org/obo/CHEBI_26841,synthetic auxin
http://purl.obolibrary.org/obo/CHEBI_76990,mycoestrogen
http://purl.obolibrary.org/obo/CHEBI_76989,phytoestrogen
http://purl.obolibrary.org/obo/CHEBI_59826,progestin
http://purl.obolibrary.org/obo/CHEBI_24869,ionophore
http://purl.obolibrary.org/obo/CHEBI_88227,potassium ionophore
http://purl.obolibrary.org/obo/CHEBI_22986,calcium ionophore
http://purl.obolibrary.org/obo/CHEBI_24874,iron ionophore
http://purl.obolibrary.org/obo/CHEBI_38155,phytosiderophore
http://purl.obolibrary.org/obo/CHEBI_25435,mutagen
http://purl.obolibrary.org/obo/CHEBI_24853,intercalator
http://purl.obolibrary.org/obo/CHEBI_25491,nematicide
http://purl.obolibrary.org/obo/CHEBI_141301,pronematicide
http://purl.obolibrary.org/obo/CHEBI_39217,antibiotic nematicide
http://purl.obolibrary.org/obo/CHEBI_25728,osmolyte
http://purl.obolibrary.org/obo/CHEBI_27026,toxin
http://purl.obolibrary.org/obo/CHEBI_38231,phytotoxin
http://purl.obolibrary.org/obo/CHEBI_25442,mycotoxin
http://purl.obolibrary.org/obo/CHEBI_64584,uremic toxin
http://purl.obolibrary.org/obo/CHEBI_72316,virulence factor
http://purl.obolibrary.org/obo/CHEBI_88048,cyanotoxin
http://purl.obolibrary.org/obo/CHEBI_78505,venom
http://purl.obolibrary.org/obo/CHEBI_26115,phytoalexin
http://purl.obolibrary.org/obo/CHEBI_27314,water-soluble vitamin
http://purl.obolibrary.org/obo/CHEBI_21241,vitamin C
http://purl.obolibrary.org/obo/CHEBI_33229,vitamin
http://purl.obolibrary.org/obo/CHEBI_33280,molecular messenger
http://purl.obolibrary.org/obo/CHEBI_25512,neurotransmitter
http://purl.obolibrary.org/obo/CHEBI_26645,semiochemical
http://purl.obolibrary.org/obo/CHEBI_62488,signalling molecule
http://purl.obolibrary.org/obo/CHEBI_26013,pheromone
http://purl.obolibrary.org/obo/CHEBI_83074,kairomone
http://purl.obolibrary.org/obo/CHEBI_140399,specialised pro-resolving mediator
http://purl.obolibrary.org/obo/CHEBI_71338,autoinducer
http://purl.obolibrary.org/obo/CHEBI_72575,alarm pheromone
http://purl.obolibrary.org/obo/CHEBI_35195,surfactant
http://purl.obolibrary.org/obo/CHEBI_27780,detergent
http://purl.obolibrary.org/obo/CHEBI_59941,amphiphile
http://purl.obolibrary.org/obo/CHEBI_38828,nonionic surfactant
http://purl.obolibrary.org/obo/CHEBI_59752,bolaamphiphile
http://purl.obolibrary.org/obo/CHEBI_35221,antimetabolite
http://purl.obolibrary.org/obo/CHEBI_73913,antifolate
http://purl.obolibrary.org/obo/CHEBI_50683,EC 1.5.1.3 (dihydrofolate reductase) inhibitor
http://purl.obolibrary.org/obo/CHEBI_35544,EC 1.14.99.1 (prostaglandin-endoperoxide synthase) inhibitor
http://purl.obolibrary.org/obo/CHEBI_50629,cyclooxygenase 2 inhibitor
http://purl.obolibrary.org/obo/CHEBI_50630,cyclooxygenase 1 inhibitor
http://purl.obolibrary.org/obo/CHEBI_73263,cyclooxygenase 3 inhibitor
http://purl.obolibrary.org/obo/CHEBI_35660,HIV protease inhibitor
http://purl.obolibrary.org/obo/CHEBI_35856,lipoxygenase inhibitor
http://purl.obolibrary.org/obo/CHEBI_64964,EC 1.13.11.34 (arachidonate 5-lipoxygenase) inhibitor
http://purl.obolibrary.org/obo/CHEBI_64996,EC 1.13.11.33 (arachidonate 15-lipoxygenase) inhibitor
http://purl.obolibrary.org/obo/CHEBI_64995,EC 1.13.11.31 (arachidonate 12-lipoxygenase) inhibitor
http://purl.obolibrary.org/obo/CHEBI_37153,EC 3.1.3.16 (phosphoprotein phosphatase) inhibitor
http://purl.obolibrary.org/obo/CHEBI_37670,protease inhibitor
http://purl.obolibrary.org/obo/CHEBI_59107,EC 3.4.24.* (metalloendopeptidase) inhibitor
http://purl.obolibrary.org/obo/CHEBI_64924,hepatitis C protease inhibitor
http://purl.obolibrary.org/obo/CHEBI_64926,serine protease inhibitor
http://purl.obolibrary.org/obo/CHEBI_48353,serine proteinase inhibitor
http://purl.obolibrary.org/obo/CHEBI_64152,cysteine protease inhibitor
http://purl.obolibrary.org/obo/CHEBI_64957,EC 3.4.21.39 (chymase) inhibitor
http://purl.obolibrary.org/obo/CHEBI_84297,EC 3.4.21.64 (peptidase K) inhibitor
http://purl.obolibrary.org/obo/CHEBI_77255,EC 3.4.24.83 (anthrax lethal factor endopeptidase) inhibitor
http://purl.obolibrary.org/obo/CHEBI_77745,EC 3.4.24.18 (meprin A) inhibitor
http://purl.obolibrary.org/obo/CHEBI_84036,EC 3.4.24.24 (gelatinase A) inhibitor
http://purl.obolibrary.org/obo/CHEBI_79088,EC 3.4.24.35 (gelatinase B) inhibitor
http://purl.obolibrary.org/obo/CHEBI_82973,EC 3.4.24.11 (neprilysin) inhibitor
http://purl.obolibrary.org/obo/CHEBI_82974,EC 3.4.24.71 (endothelin-converting enzyme 1) inhibitor
http://purl.obolibrary.org/obo/CHEBI_67189,EC 3.4.24.3 (microbial collagenase) inhibitor
http://purl.obolibrary.org/obo/CHEBI_64932,cathepsin B inhibitor
http://purl.obolibrary.org/obo/CHEBI_82824,calpain inhibitor
http://purl.obolibrary.org/obo/CHEBI_64406,EC 3.4.22.38 (cathepsin K) inhibitor
http://purl.obolibrary.org/obo/CHEBI_70821,cathepsin L (EC 3.4.22.15) inhibitor
http://purl.obolibrary.org/obo/CHEBI_70822,EC 3.4.22.2 (papain) inhibitor
http://purl.obolibrary.org/obo/CHEBI_79050,EC 3.4.22.52 (calpain-1) inhibitor
http://purl.obolibrary.org/obo/CHEBI_82821,EC 3.4.22.53 (calpain-2) inhibitor
http://purl.obolibrary.org/obo/CHEBI_82823,EC 3.4.22.54 (calpain-3) inhibitor
http://purl.obolibrary.org/obo/CHEBI_37699,protein kinase inhibitor
http://purl.obolibrary.org/obo/CHEBI_74440,epidermal growth factor receptor antagonist
http://purl.obolibrary.org/obo/CHEBI_76812,EC 2.7.11.* (protein-serine/threonine kinase) inhibitor
http://purl.obolibrary.org/obo/CHEBI_79091,EC 2.7.11.24 (mitogen-activated protein kinase) inhibitor
http://purl.obolibrary.org/obo/CHEBI_133891,salt-inducible kinase 2 inhibitor
http://purl.obolibrary.org/obo/CHEBI_68481,mTOR inhibitor
http://purl.obolibrary.org/obo/CHEBI_38637,tyrosine kinase inhibitor
http://purl.obolibrary.org/obo/CHEBI_70770,Aurora kinase inhibitor
http://purl.obolibrary.org/obo/CHEBI_76817,EC 2.7.10.* (protein-tyrosine kinase) inhibitor
http://purl.obolibrary.org/obo/CHEBI_50925,EC 2.7.11.1 (non-specific serine/threonine protein kinase) inhibitor
http://purl.obolibrary.org/obo/CHEBI_85094,EC 2.7.11.11 (cAMP-dependent protein kinase) inhibitor
http://purl.obolibrary.org/obo/CHEBI_91092,EC 2.7.11.26 (tau-protein kinase) inhibitor
http://purl.obolibrary.org/obo/CHEBI_131734,EC 2.7.11.20 (elongation factor 2 kinase) inhibitor
http://purl.obolibrary.org/obo/CHEBI_131794,EC 2.7.11.17 (Ca(2+)/calmodulin-dependent protein kinase) inhibitor
http://purl.obolibrary.org/obo/CHEBI_82665,EC 2.7.11.22 (cyclin-dependent kinase) inhibitor
http://purl.obolibrary.org/obo/CHEBI_137123,EC 2.7.11.30 (receptor protein serine/threonine kinase) inhibitor
http://purl.obolibrary.org/obo/CHEBI_37700,EC 2.7.11.13 (protein kinase C) inhibitor
http://purl.obolibrary.org/obo/CHEBI_145425,EC 2.7.11.21 (polo kinase) inhibitor
http://purl.obolibrary.org/obo/CHEBI_77113,EC 2.7.11.10 (IkappaB kinase) inhibitor
http://purl.obolibrary.org/obo/CHEBI_78763,EC 2.7.11.18 (myosin-light-chain kinase) inhibitor
http://purl.obolibrary.org/obo/CHEBI_78622,EC 2.7.11.31 {[hydroxymethylglutaryl-CoA reductase (NADPH)] kinase} inhibitor
http://purl.obolibrary.org/obo/CHEBI_85113,EC 2.7.11.12 (cGMP-dependent protein kinase) inhibitor
http://purl.obolibrary.org/obo/CHEBI_90172,c-Jun N-terminal kinase inhibitor
http://purl.obolibrary.org/obo/CHEBI_62434,EC 2.7.10.1 (receptor protein-tyrosine kinase) inhibitor
http://purl.obolibrary.org/obo/CHEBI_76617,EC 2.7.10.2 (non-specific protein-tyrosine kinase) inhibitor
http://purl.obolibrary.org/obo/CHEBI_75047,B-Raf inhibitor
http://purl.obolibrary.org/obo/CHEBI_90780,AKT1 kinase inhibitor
http://purl.obolibrary.org/obo/CHEBI_91202,TGFbeta receptor antagonist
http://purl.obolibrary.org/obo/CHEBI_90199,c-Met tyrosine kinase inhibitor
http://purl.obolibrary.org/obo/CHEBI_37733,EC 3.1.1.8 (cholinesterase) inhibitor
http://purl.obolibrary.org/obo/CHEBI_38157,iron chelator
http://purl.obolibrary.org/obo/CHEBI_24028,iron(3+) chelator
http://purl.obolibrary.org/obo/CHEBI_38162,iron(2+) chelator
http://purl.obolibrary.org/obo/CHEBI_38161,chelator
http://purl.obolibrary.org/obo/CHEBI_77963,sequestrant
http://purl.obolibrary.org/obo/CHEBI_38215,calcium channel blocker
http://purl.obolibrary.org/obo/CHEBI_38234,DNA polymerase inhibitor
http://purl.obolibrary.org/obo/CHEBI_59897,EC 2.7.7.49 (RNA-directed DNA polymerase) inhibitor
http://purl.obolibrary.org/obo/CHEBI_38462,EC 3.1.1.7 (acetylcholinesterase) inhibitor
http://purl.obolibrary.org/obo/CHEBI_38461,carbamate insecticide
http://purl.obolibrary.org/obo/CHEBI_38623,EC 1.4.3.4 (monoamine oxidase) inhibitor
http://purl.obolibrary.org/obo/CHEBI_38632,membrane transport modulator
http://purl.obolibrary.org/obo/CHEBI_38999,GABA-gated chloride channel antagonist
http://purl.obolibrary.org/obo/CHEBI_139361,TRP channel blocker
http://purl.obolibrary.org/obo/CHEBI_142783,TRP channel modulator
http://purl.obolibrary.org/obo/CHEBI_38808,calcium channel modulator
http://purl.obolibrary.org/obo/CHEBI_39000,sodium channel modulator
http://purl.obolibrary.org/obo/CHEBI_50184,ion transport inhibitor
http://purl.obolibrary.org/obo/CHEBI_50510,potassium channel modulator
http://purl.obolibrary.org/obo/CHEBI_66902,CFTR potentiator
http://purl.obolibrary.org/obo/CHEBI_142782,TRPV channel modulator
http://purl.obolibrary.org/obo/CHEBI_38809,ryanodine receptor modulator
http://purl.obolibrary.org/obo/CHEBI_38807,calcium channel agonist
http://purl.obolibrary.org/obo/CHEBI_38633,sodium channel blocker
http://purl.obolibrary.org/obo/CHEBI_26413,pyrethroid insecticide
http://purl.obolibrary.org/obo/CHEBI_79085,potassium channel opener
http://purl.obolibrary.org/obo/CHEBI_50509,potassium channel blocker
http://purl.obolibrary.org/obo/CHEBI_67114,ryanodine receptor agonist
http://purl.obolibrary.org/obo/CHEBI_146222,ryanoid insecticide
http://purl.obolibrary.org/obo/CHEBI_146223,ryanodine receptor antagonist
http://purl.obolibrary.org/obo/CHEBI_38634,voltage-gated sodium channel blocker
http://purl.obolibrary.org/obo/CHEBI_39116,pyrethroid ester insecticide
http://purl.obolibrary.org/obo/CHEBI_39351,pyrethroid ether insecticide
http://purl.obolibrary.org/obo/CHEBI_38706,pediculicide
http://purl.obolibrary.org/obo/CHEBI_48001,protein synthesis inhibitor
http://purl.obolibrary.org/obo/CHEBI_49103,drug metabolite
http://purl.obolibrary.org/obo/CHEBI_49200,EC 3.6.3.10 (H(+)/K(+)-exchanging ATPase) inhibitor
http://purl.obolibrary.org/obo/CHEBI_50183,P450 inhibitor
http://purl.obolibrary.org/obo/CHEBI_50188,provitamin
http://purl.obolibrary.org/obo/CHEBI_67200,provitamin A
http://purl.obolibrary.org/obo/CHEBI_72470,provitamin B1
http://purl.obolibrary.org/obo/CHEBI_50218,EC 3.1.4.* (phosphoric diester hydrolase) inhibitor
http://purl.obolibrary.org/obo/CHEBI_76811,EC 3.1.4.12 (sphingomyelin phosphodiesterase) inhibitor
http://purl.obolibrary.org/obo/CHEBI_64763,EC 3.1.4.11 (phosphoinositide phospholipase C) inhibitor
http://purl.obolibrary.org/obo/CHEBI_50568,"EC 3.1.4.17 (3',5'-cyclic-nucleotide phosphodiesterase) inhibitor"
http://purl.obolibrary.org/obo/CHEBI_50444,adenosine phosphodiesterase inhibitor
http://purl.obolibrary.org/obo/CHEBI_71942,"EC 3.1.4.35 (3',5'-cyclic-GMP phosphodiesterase) inhibitor"
http://purl.obolibrary.org/obo/CHEBI_77758,"EC 3.1.4.53 (3',5'-cyclic-AMP phosphodiesterase) inhibitor"
http://purl.obolibrary.org/obo/CHEBI_68844,phosphodiesterase IV inhibitor
http://purl.obolibrary.org/obo/CHEBI_50276,EC 5.99.1.2 (DNA topoisomerase) inhibitor
http://purl.obolibrary.org/obo/CHEBI_50390,EC 1.6.5.2 [NAD(P)H dehydrogenase (quinone)] inhibitor
http://purl.obolibrary.org/obo/CHEBI_50502,EC 2.5.1.15 (dihydropteroate synthase) inhibitor
http://purl.obolibrary.org/obo/CHEBI_50566,nitric oxide donor
http://purl.obolibrary.org/obo/CHEBI_50696,EC 2.4.1.129 (peptidoglycan glycosyltransferase) inhibitor
http://purl.obolibrary.org/obo/CHEBI_50750,EC 5.99.1.3 [DNA topoisomerase (ATP-hydrolysing)] inhibitor
http://purl.obolibrary.org/obo/CHEBI_50781,EC 1.3.1.22 [3-oxo-5alpha-steroid 4-dehydrogenase (NADP(+))] inhibitor
http://purl.obolibrary.org/obo/CHEBI_50790,EC 1.14.14.14 (aromatase) inhibitor
http://purl.obolibrary.org/obo/CHEBI_50902,genotoxin
http://purl.obolibrary.org/obo/CHEBI_50904,allergen
http://purl.obolibrary.org/obo/CHEBI_143231,carbohydrate allergen
http://purl.obolibrary.org/obo/CHEBI_143204,peptide allergen
http://purl.obolibrary.org/obo/CHEBI_143252,ceramide allergen
http://purl.obolibrary.org/obo/CHEBI_50905,teratogenic agent
http://purl.obolibrary.org/obo/CHEBI_50908,hepatotoxic agent
http://purl.obolibrary.org/obo/CHEBI_83612,hepatic steatosis inducing agent
http://purl.obolibrary.org/obo/CHEBI_50910,neurotoxin
http://purl.obolibrary.org/obo/CHEBI_52209,aetiopathogenetic role
http://purl.obolibrary.org/obo/CHEBI_50903,carcinogenic agent
http://purl.obolibrary.org/obo/CHEBI_139492,sensitiser
http://purl.obolibrary.org/obo/CHEBI_50909,nephrotoxic agent
http://purl.obolibrary.org/obo/CHEBI_50912,cardiotoxic agent
http://purl.obolibrary.org/obo/CHEBI_52210,pharmacological role
http://purl.obolibrary.org/obo/CHEBI_48706,antagonist
http://purl.obolibrary.org/obo/CHEBI_48705,agonist
http://purl.obolibrary.org/obo/CHEBI_74518,anti-obesity agent
http://purl.obolibrary.org/obo/CHEBI_64911,antimitotic
http://purl.obolibrary.org/obo/CHEBI_90847,inverse agonist
http://purl.obolibrary.org/obo/CHEBI_60832,tubulin modulator
http://purl.obolibrary.org/obo/CHEBI_70781,PPAR modulator
http://purl.obolibrary.org/obo/CHEBI_78926,survivin dimerisation modulator
http://purl.obolibrary.org/obo/CHEBI_55347,vitamin K antagonist
http://purl.obolibrary.org/obo/CHEBI_145438,C-X-C chemokine receptor type 4 antagonist
http://purl.obolibrary.org/obo/CHEBI_131186,IP3 receptor antagonist
http://purl.obolibrary.org/obo/CHEBI_131790,melatonin receptor antagonist
http://purl.obolibrary.org/obo/CHEBI_70774,capsaicin receptor antagonist
http://purl.obolibrary.org/obo/CHEBI_134182,platelet-activating factor receptor antagonist
http://purl.obolibrary.org/obo/CHEBI_133024,lymphocyte function-associated antigen-1 antagonist
http://purl.obolibrary.org/obo/CHEBI_133878,neuropeptide Y receptor antagonist
http://purl.obolibrary.org/obo/CHEBI_55350,neurokinin-1 receptor antagonist
http://purl.obolibrary.org/obo/CHEBI_136580,LRH-1 antagonist
http://purl.obolibrary.org/obo/CHEBI_139180,nicotinic acid adenine dinucleotide phosphate receptor antagonist
http://purl.obolibrary.org/obo/CHEBI_138887,prostaglandin receptor antagonist
http://purl.obolibrary.org/obo/CHEBI_138931,glutamine antagonist
http://purl.obolibrary.org/obo/CHEBI_139155,melanin-concentrating hormone receptor antagonist
http://purl.obolibrary.org/obo/CHEBI_78681,tropomyosin-related kinase B receptor antagonist
http://purl.obolibrary.org/obo/CHEBI_140482,neurokinin-3 receptor antagonist
http://purl.obolibrary.org/obo/CHEBI_140982,neuropeptide FF receptor antagonist
http://purl.obolibrary.org/obo/CHEBI_144895,C5a receptor antagonist
http://purl.obolibrary.org/obo/CHEBI_144987,sphingosine-1-phosphate receptor antagonist
http://purl.obolibrary.org/obo/CHEBI_66908,SMO receptor antagonist
http://purl.obolibrary.org/obo/CHEBI_67199,AP-1 antagonist
http://purl.obolibrary.org/obo/CHEBI_65207,vascular endothelial growth factor receptor antagonist
http://purl.obolibrary.org/obo/CHEBI_71232,adenosine receptor antagonist
http://purl.obolibrary.org/obo/CHEBI_63963,metabotropic glutamate receptor antagonist
http://purl.obolibrary.org/obo/CHEBI_62754,glycine receptor antagonist
http://purl.obolibrary.org/obo/CHEBI_85540,thromboxane A2 antagonist
http://purl.obolibrary.org/obo/CHEBI_63673,chemokine receptor 5 antagonist
http://purl.obolibrary.org/obo/CHEBI_91079,purinergic receptor P2 antagonist
http://purl.obolibrary.org/obo/CHEBI_55351,substance P receptor antagonist
http://purl.obolibrary.org/obo/CHEBI_60798,excitatory amino acid antagonist
http://purl.obolibrary.org/obo/CHEBI_63457,fibroblast growth factor receptor antagonist
http://purl.obolibrary.org/obo/CHEBI_63936,alpha1B-adrenoceptor antagonist
http://purl.obolibrary.org/obo/CHEBI_68557,bradykinin receptor antagonist
http://purl.obolibrary.org/obo/CHEBI_82891,glucocorticoid receptor antagonist
http://purl.obolibrary.org/obo/CHEBI_71014,AMPA receptor antagonist
http://purl.obolibrary.org/obo/CHEBI_73413,cannabinoid receptor antagonist
http://purl.obolibrary.org/obo/CHEBI_75252,insulin-like growth factor receptor 1 antagonist
http://purl.obolibrary.org/obo/CHEBI_76531,odorant receptor antagonist
http://purl.obolibrary.org/obo/CHEBI_76998,aryl hydrocarbon receptor antagonist
http://purl.obolibrary.org/obo/CHEBI_78248,vitamin B1 antagonist
http://purl.obolibrary.org/obo/CHEBI_78623,bone morphogenetic protein receptor antagonist
http://purl.obolibrary.org/obo/CHEBI_83296,orexin receptor antagonist
http://purl.obolibrary.org/obo/CHEBI_83313,protease-activated receptor-1 antagonist
http://purl.obolibrary.org/obo/CHEBI_88295,G-protein-coupled receptor antagonist
http://purl.obolibrary.org/obo/CHEBI_91193,lysophosphatidic acid receptor antagonist
http://purl.obolibrary.org/obo/CHEBI_61966,metabotropic glutamate receptor agonist
http://purl.obolibrary.org/obo/CHEBI_72768,aryl hydrocarbon receptor agonist
http://purl.obolibrary.org/obo/CHEBI_73311,adenosine receptor agonist
http://purl.obolibrary.org/obo/CHEBI_131495,formyl peptide receptor agonist
http://purl.obolibrary.org/obo/CHEBI_66900,prostaglandin receptor agonist
http://purl.obolibrary.org/obo/CHEBI_131809,SMO receptor agonist
http://purl.obolibrary.org/obo/CHEBI_70782,PPARalpha agonist
http://purl.obolibrary.org/obo/CHEBI_132972,farnesoid X receptor agonist
http://purl.obolibrary.org/obo/CHEBI_77495,bradykinin receptor agonist
http://purl.obolibrary.org/obo/CHEBI_137401,capsaicin receptor agonist
http://purl.obolibrary.org/obo/CHEBI_77161,Toll-like receptor 2 agonist
http://purl.obolibrary.org/obo/CHEBI_71554,PPARgamma agonist
http://purl.obolibrary.org/obo/CHEBI_137514,TRPA1 channel agonist
http://purl.obolibrary.org/obo/CHEBI_67072,cannabinoid receptor agonist
http://purl.obolibrary.org/obo/CHEBI_138168,neuropeptide Y2 receptor agonist
http://purl.obolibrary.org/obo/CHEBI_139109,IP3 receptor agonist
http://purl.obolibrary.org/obo/CHEBI_139044,thromboxane A2 agonist
http://purl.obolibrary.org/obo/CHEBI_139584,lysophosphatidic acid receptor 3 agonist
http://purl.obolibrary.org/obo/CHEBI_70998,G-protein-coupled receptor agonist
http://purl.obolibrary.org/obo/CHEBI_140061,TRPV4 agonist
http://purl.obolibrary.org/obo/CHEBI_64106,protein kinase agonist
http://purl.obolibrary.org/obo/CHEBI_140489,tropomyosin-related kinase B receptor agonist
http://purl.obolibrary.org/obo/CHEBI_140535,TRPV1 agonist
http://purl.obolibrary.org/obo/CHEBI_145982,5-hydroxytryptamine 2A receptor agonist
http://purl.obolibrary.org/obo/CHEBI_141000,neuropeptide FF receptor agonist
http://purl.obolibrary.org/obo/CHEBI_141001,kisspeptin receptor agonist
http://purl.obolibrary.org/obo/CHEBI_142184,5-hydroxytryptamine 2B receptor agonist
http://purl.obolibrary.org/obo/CHEBI_142185,5-hydroxytryptamine 2C receptor agonist
http://purl.obolibrary.org/obo/CHEBI_63951,estrogen receptor agonist
http://purl.obolibrary.org/obo/CHEBI_63562,glucocorticoid receptor agonist
http://purl.obolibrary.org/obo/CHEBI_63794,retinoid X receptor agonist
http://purl.obolibrary.org/obo/CHEBI_64589,glycine receptor agonist
http://purl.obolibrary.org/obo/CHEBI_62873,odorant receptor agonist
http://purl.obolibrary.org/obo/CHEBI_77326,androstane receptor agonist
http://purl.obolibrary.org/obo/CHEBI_73191,abscisic acid receptor agonist
http://purl.obolibrary.org/obo/CHEBI_53142,P2Y2 receptor agonist
http://purl.obolibrary.org/obo/CHEBI_91139,elastin-laminin receptor agonist
http://purl.obolibrary.org/obo/CHEBI_77318,pregnane X receptor agonist
http://purl.obolibrary.org/obo/CHEBI_63114,sphingosine-1-phosphate receptor agonist
http://purl.obolibrary.org/obo/CHEBI_86029,liver X receptor agonist
http://purl.obolibrary.org/obo/CHEBI_78548,adenylate cyclase agonist
http://purl.obolibrary.org/obo/CHEBI_64102,AMPA receptor agonist
http://purl.obolibrary.org/obo/CHEBI_64338,K-ATP channel agonist
http://purl.obolibrary.org/obo/CHEBI_71196,glucagon-like peptide-1 receptor agonist
http://purl.obolibrary.org/obo/CHEBI_65254,LRH-1 agonist
http://purl.obolibrary.org/obo/CHEBI_66894,erythropeotin receptor agonist
http://purl.obolibrary.org/obo/CHEBI_68553,guanylate cyclase 2C agonist
http://purl.obolibrary.org/obo/CHEBI_72311,glucagon-like peptide-2 receptor agonist
http://purl.obolibrary.org/obo/CHEBI_73730,PPARbeta/delta agonist
http://purl.obolibrary.org/obo/CHEBI_75414,platelet-activating factor receptor agonist
http://purl.obolibrary.org/obo/CHEBI_79046,melatonin receptor agonist
http://purl.obolibrary.org/obo/CHEBI_85012,thrombopoietin receptor agonist
http://purl.obolibrary.org/obo/CHEBI_90845,prostacyclin receptor agonist
http://purl.obolibrary.org/obo/CHEBI_61951,microtubule-destabilising agent
http://purl.obolibrary.org/obo/CHEBI_133016,5-hydroxytryptamine 2A receptor inverse agonist
http://purl.obolibrary.org/obo/CHEBI_90846,liver X receptor inverse agonist
http://purl.obolibrary.org/obo/CHEBI_61950,microtubule-stabilising agent
http://purl.obolibrary.org/obo/CHEBI_144997,sphingosine-1-phosphate receptor 3 antagonist
http://purl.obolibrary.org/obo/CHEBI_144998,sphingosine-1-phosphate receptor 1 antagonist
http://purl.obolibrary.org/obo/CHEBI_53121,adenosine A2A receptor antagonist
http://purl.obolibrary.org/obo/CHEBI_63957,adenosine A1 receptor antagonist
http://purl.obolibrary.org/obo/CHEBI_70725,adenosine A3 receptor antagonist
http://purl.obolibrary.org/obo/CHEBI_91081,purinergic receptor P2X antagonist
http://purl.obolibrary.org/obo/CHEBI_68563,P2Y12 receptor antagonist
http://purl.obolibrary.org/obo/CHEBI_60643,NMDA receptor antagonist
http://purl.obolibrary.org/obo/CHEBI_73416,CB1 receptor antagonist
http://purl.obolibrary.org/obo/CHEBI_73417,CB2 receptor antagonist
http://purl.obolibrary.org/obo/CHEBI_131359,adenosine A2B receptor agonist
http://purl.obolibrary.org/obo/CHEBI_65057,adenosine A1 receptor agonist
http://purl.obolibrary.org/obo/CHEBI_73310,adenosine A2A receptor agonist
http://purl.obolibrary.org/obo/CHEBI_73319,adenosine A3 receptor agonist
http://purl.obolibrary.org/obo/CHEBI_77496,bradykinin receptor B2 agonist
http://purl.obolibrary.org/obo/CHEBI_64018,protein kinase C agonist
http://purl.obolibrary.org/obo/CHEBI_78547,protein kinase A agonist
http://purl.obolibrary.org/obo/CHEBI_64105,protein kinase G agonist
http://purl.obolibrary.org/obo/CHEBI_52290,mitogen
http://purl.obolibrary.org/obo/CHEBI_53559,topoisomerase IV inhibitor
http://purl.obolibrary.org/obo/CHEBI_53756,HIV-1 reverse transcriptase inhibitor
http://purl.obolibrary.org/obo/CHEBI_59517,DNA synthesis inhibitor
http://purl.obolibrary.org/obo/CHEBI_60186,EC 3.6.3.8 (Ca(2+)-transporting ATPase) inhibitor
http://purl.obolibrary.org/obo/CHEBI_60807,anaesthesia adjuvant
http://purl.obolibrary.org/obo/CHEBI_61015,nephrotoxin
http://purl.obolibrary.org/obo/CHEBI_61115,EC 3.5.1.98 (histone deacetylase) inhibitor
http://purl.obolibrary.org/obo/CHEBI_71181,Sir2 inhibitor
http://purl.obolibrary.org/obo/CHEBI_90375,Sir1 inhibitor
http://purl.obolibrary.org/obo/CHEBI_61908,EC 1.14.13.39 (nitric oxide synthase) inhibitor
http://purl.obolibrary.org/obo/CHEBI_62872,EC 1.2.3.1 (aldehyde oxidase) inhibitor
http://purl.obolibrary.org/obo/CHEBI_64909,poison
http://purl.obolibrary.org/obo/CHEBI_65023,anti-asthmatic agent
http://purl.obolibrary.org/obo/CHEBI_68495,apoptosis inducer
http://purl.obolibrary.org/obo/CHEBI_139609,survivin suppressant
http://purl.obolibrary.org/obo/CHEBI_70727,topoisomerase inhibitor
http://purl.obolibrary.org/obo/CHEBI_73240,NF-kappaB inhibitor
http://purl.obolibrary.org/obo/CHEBI_73333,scabicide
http://purl.obolibrary.org/obo/CHEBI_74213,EC 1.17.4.1 (ribonucleoside-diphosphate reductase) inhibitor
http://purl.obolibrary.org/obo/CHEBI_74234,"EC 1.1.1.153 [sepiapterin reductase (L-erythro-7,8-dihydrobiopterin forming)] inhibitor"
http://purl.obolibrary.org/obo/CHEBI_76779,EC 3.4.21.26 (prolyl oligopeptidase) inhibitor
http://purl.obolibrary.org/obo/CHEBI_76797,EC 2.5.1.18 (glutathione transferase) inhibitor
http://purl.obolibrary.org/obo/CHEBI_76932,pathway inhibitor
http://purl.obolibrary.org/obo/CHEBI_50185,fatty acid synthesis inhibitor
http://purl.obolibrary.org/obo/CHEBI_138208,carotenoid biosynthesis inhibitor
http://purl.obolibrary.org/obo/CHEBI_63958,cellulose synthesis inhibitor
http://purl.obolibrary.org/obo/CHEBI_140921,Hedgehog signaling pathway inhibitor
http://purl.obolibrary.org/obo/CHEBI_38496,electron-transport chain inhibitor
http://purl.obolibrary.org/obo/CHEBI_68543,pyrimidine synthesis inhibitor
http://purl.obolibrary.org/obo/CHEBI_79386,glycerophosphoinositol synthesis inhibitor
http://purl.obolibrary.org/obo/CHEBI_26087,photosynthetic electron-transport chain inhibitor
http://purl.obolibrary.org/obo/CHEBI_38497,respiratory-chain inhibitor
http://purl.obolibrary.org/obo/CHEBI_26089,photosystem-II inhibitor
http://purl.obolibrary.org/obo/CHEBI_23529,cytochrome-b6f complex inhibitor
http://purl.obolibrary.org/obo/CHEBI_26088,photosystem-I inhibitor
http://purl.obolibrary.org/obo/CHEBI_25355,mitochondrial respiratory-chain inhibitor
http://purl.obolibrary.org/obo/CHEBI_38503,EC 1.6.5.3 [NADH:ubiquinone reductase (H(+)-translocating)] inhibitor
http://purl.obolibrary.org/obo/CHEBI_38502,cytochrome-bc1 complex inhibitor
http://purl.obolibrary.org/obo/CHEBI_38499,mitochondrial cytochrome-bc1 complex inhibitor
http://purl.obolibrary.org/obo/CHEBI_38500,EC 1.9.3.1 (cytochrome c oxidase) inhibitor
http://purl.obolibrary.org/obo/CHEBI_20854,ATP synthase inhibitor
http://purl.obolibrary.org/obo/CHEBI_38498,mitochondrial NADH:ubiquinone reductase inhibitor
http://purl.obolibrary.org/obo/CHEBI_141153,quinone outside inhibitor
http://purl.obolibrary.org/obo/CHEBI_77194,EC 2.7.1.33 (pantothenate kinase) inhibitor
http://purl.obolibrary.org/obo/CHEBI_77402,EC 1.8.1.12 (trypanothione-disulfide reductase) inhibitor
http://purl.obolibrary.org/obo/CHEBI_134545,EC 1.8.1.4 (dihydrolipoyl dehydrogenase) inhibitor
http://purl.obolibrary.org/obo/CHEBI_77748,EC 3.6.3.44 (xenobiotic-transporting ATPase) inhibitor
http://purl.obolibrary.org/obo/CHEBI_78444,EC 3.1.1.1 (carboxylesterase) inhibitor
http://purl.obolibrary.org/obo/CHEBI_85234,human blood serum metabolite
http://purl.obolibrary.org/obo/CHEBI_86385,EC 5.3.3.5 (cholestenol Delta-isomerase) inhibitor
http://purl.obolibrary.org/obo/CHEBI_90414,secretagogue
http://purl.obolibrary.org/obo/CHEBI_90415,insulin secretagogue
