count,dron_term_word
785,extract
348,allergenic
240,pollen
129,vaccine
85,preparation
56,virus
54,a
52,protein
46,human
43,capsular
42,strain
37,polysaccharide
37,oil
36,type
33,insulin
32,influenza
32,grass
31,b
29,calcium
28,n
28,live
27,inactivated
27,antigen
27,acid
25,conjugate
24,seed
24,diphtheria
23,white
23,root
23,pneumococcal
23,h
23,alfa
21,sodium
21,potassium
21,black
20,zinc
20,globulin
19,serotype
19,oak
19,immune
18,red
18,pine
18,magnesium
18,factor
17,crm
16,ragweed
16,phosphate
15,venom
15,skin
15,f
15,beef
14,bean
14,aluminum
13,streptococcus
13,pork
13,pneumoniae
13,california
12,ferrous
12,c
11,yellow
11,like
11,leaf
11,citrate
11,bismuth
10,western
10,usp
10,lactobacillus
10,fruit
10,complex
10,chloride
10,aspartate
9,wheat
9,sulfate
9,neisseria
9,milk
9,meningitidis
9,iron
9,hair
9,ginseng
9,g
9,echinacea
9,brisbane
9,bovine
9,beta
9,attenuated
9,aspergillus
9,alpha
8,wasp
8,toxoid
8,sweet
8,smut
8,serogroup
8,juniper
8,house
8,ferric
8,dust
8,common
8,blue
8,american
7,whole
7,thistle
7,salicylate
7,rotavirus
7,protamine
7,pepper
7,penicillium
7,olive
7,meningococcal
7,maple
7,liver
7,l
7,interferon
7,hepatitis
7,gum
7,grape
7,d
7,carbonate
7,birch
7,barley
6,walnut
6,sage
6,saccharomyces
6,rye
6,rabbit
6,oxide
6,niger
6,mold
6,lithium
6,inhibitor
6,horse
6,green
6,grain
6,glycol
6,english
6,cottonwood
6,cedar
6,bark
6,antivenin
5,x
5,willow
5,uruguay
5,trichophyton
5,silver
5,salmon
5,reassortant
5,phoma
5,paper
5,p
5,oligosaccharide
5,oat
5,nut
5,mustard
5,mucor
5,mite
5,manganese
5,kidney
5,iodine
5,immunoglobulin
5,hickory
5,group
5,gluconate
5,florida
5,fiber
5,feather
5,european
5,estrogens
5,elm
5,egg
5,eastern
5,dextran
5,corn
5,cladosporium
5,chromium
5,chicken
5,bifidobacterium
5,ammonium
5,alder
5,acetate
4,yellowjacket
4,yeast
4,wormwood
4,weed
4,vitamin
4,var
4,tree
4,tetanus
4,tea
4,sycamore
4,soybean
4,soy
4,southern
4,siberian
4,scale
4,salt
4,s
4,rice
4,regular
4,rabies
4,purpurea
4,prompt
4,poplar
4,polyethylene
4,poliovirus
4,pentetate
4,papillomavirus
4,papaya
4,orotate
4,orange
4,nph
4,mugwort
4,methyl
4,meglumine
4,lymphocyte
4,liposome
4,liposomal
4,licorice
4,lactate
4,johnson
4,ix
4,iodide
4,hawthorn
4,haemophilus
4,golden
4,ethyl
4,domestic
4,dock
4,dengue
4,cyd
4,cultivated
4,cow
4,conjugated
4,concentrate
4,collagen
4,cocklebur
4,clover
4,cherry
4,chelated
4,cerevisiae
4,cat
4,bile
4,berry
4,bcg
4,atlantic
4,ash
4,apple
4,anti
4,aloe
4,alkaloids
4,alcohol
4,albumin
4,acids
3,zoster
3,yolk
3,y
3,w
3,viride
3,viii
3,varicella
3,vaccinia
3,v
3,ultralente
3,ty
3,thyrotropin
3,thymocyte
3,thyme
3,tartrate
3,tar
3,t
3,synthetic
3,surface
3,sunflower
3,sulfide
3,sugar
3,succinate
3,stemphylium
3,stearate
3,smallpox
3,sheep
3,serum
3,seal
3,sagebrush
3,russian
3,rough
3,respiratory
3,pumpkin
3,polypeptide
3,pigweed
3,phospholipids
3,petrolatum
3,pertussis
3,peppermint
3,palm
3,pacific
3,omega
3,of
3,northern
3,neurospora
3,mushroom
3,mumps
3,mulberry
3,mountain
3,mineral
3,measles
3,marshelder
3,malt
3,korean
3,karaya
3,influenzae
3,i
3,hyaluronidase
3,heme
3,hazelnut
3,halibut
3,grapefruit
3,goat
3,ginger
3,garlic
3,gamma
3,fusarium
3,fumarate
3,flower
3,fever
3,eucalyptus
3,ether
3,esters
3,ester
3,epoetin
3,elder
3,e
3,dog
3,diethylamine
3,dandelion
3,curvularia
3,currant
3,crotalus
3,cotton
3,copper
3,colloidal
3,coffee
3,coast
3,cladosporioides
3,circinelloides
3,cinnamon
3,chestnut
3,chamomile
3,cellulose
3,catfish
3,candida
3,canary
3,bush
3,brown
3,bromide
3,bran
3,botulism
3,bluegrass
3,bermuda
3,belladonna
3,beech
3,bee
3,banana
3,balsam
3,astragalus
3,ascorbate
3,arnica
3,antitoxin
3,ant
3,anhydrous
3,alfalfa
3,acacia
2,zirconium
2,xiii
2,xenon
2,wistar
2,willebrand
2,wild
2,west
2,wattle
2,watermelon
2,watercress
2,water
2,von
2,violet
2,vinegar
2,victoria
2,vibrio
2,vernal
2,vera
2,vedotin
2,typhoid
2,typhi
2,tuna
2,trisodium
2,trichothecium
2,trichoderma
2,trastuzumab
2,tositumomab
2,timothy
2,thyroid
2,thymus
2,theophylline
2,tag
2,sulfur
2,stinging
2,starch
2,sorrel
2,sorghum
2,solani
2,smooth
2,sitophila
2,sinensis
2,silk
2,silicon
2,shrimp
2,short
2,shark
2,senna
2,sea
2,scrub
2,scotch
2,scallop
2,saw
2,samarium
2,salts
2,safflower
2,rust
2,rubella
2,roseum
2,rhubarb
2,rhodotorula
2,rhamnosus
2,releasing
2,recombinant
2,rauwolfia
2,ra
2,quarters
2,pyrethrum
2,pygeum
2,proteinase
2,primrose
2,potato
2,porcine
2,pomegranate
2,polysulfate
2,poloxamer
2,plum
2,plantain
2,plant
2,pig
2,pidolate
2,phenolsulfonate
2,petroleum
2,perth
2,perennial
2,perch
2,pegol
2,peginterferon
2,pectin
2,pecan
2,pea
2,parts
2,parsley
2,palmetto
2,ozogamicin
2,oyster
2,oxalate
2,ox
2,oscillococcinum
2,oryzae
2,oregano
2,orchard
2,oleate
2,officinalis
2,octoxynol
2,o
2,nymc
2,nettle
2,mucins
2,monobasic
2,modified
2,mix
2,microsporum
2,mexican
2,mesquite
2,mercury
2,mecasermin
2,meal
2,mango
2,mackerel
2,loose
2,lobster
2,lispro
2,linoleic
2,lime
2,lettuce
2,lente
2,lemon
2,lecithin
2,leaved
2,lamb
2,kentucky
2,kava
2,k
2,japanese
2,isomer
2,intravenous
2,indium
2,in
2,imported
2,hydroxide
2,hydrochloride
2,hornet
2,hormone
2,hops
2,hog
2,hm
2,herpesvirus
2,herbarum
2,heparin
2,hamster
2,guinea
2,goose
2,goldenseal
2,glycinate
2,glyceryl
2,gliocladium
2,ginkgo
2,giant
2,germanium
2,german
2,germ
2,gentian
2,fusion
2,fungus
2,fremont
2,follitropin
2,fluoride
2,fluid
2,flowers
2,flounder
2,flea
2,fish
2,fire
2,fibrinogen
2,fenugreek
2,FALSE
2,extracts
2,exigua
2,evening
2,eurotium
2,escin
2,escherichia
2,ergot
2,equine
2,encephalitis
2,elderberry
2,edetate
2,duck
2,disodium
2,dipropizine
2,dihydroxyaluminum
2,digitalis
2,dibasic
2,dermatophagoides
2,date
2,dander
2,damiana
2,cypress
2,cranberry
2,collagenase
2,coli
2,cohosh
2,cod
2,coconut
2,cocoa
2,cockroach
2,cochliobolus
2,coagulation
2,clove
2,claw
2,citrus
2,cider
2,chrysogenum
2,cholerae
2,chocolate
2,chlorophyllin
2,chaste
2,cetyl
2,cayenne
2,casein
2,casei
2,cartilage
2,careless
2,carbomer
2,capsicum
2,calcitonin
2,cacodylate
2,cabbage
2,butyl
2,butethamate
2,bur
2,broom
2,brome
2,broccoli
2,brazil
2,box
2,boulardii
2,borage
2,bitartrate
2,bioflavonoids
2,biloba
2,bell
2,beet
2,bass
2,bald
2,baker's
2,bacillus
2,aspart
2,asparaginase
2,arizona
2,antihemophilic
2,anthrax
2,angustifolia
2,amstelodami
2,amphotericin
2,amdinocillin
2,alternaria
2,alexitol
2,albicans
2,alba
2,aflibercept
2,aerial
2,adenovirus
2,activated
2,ab'
1,zolazepam
1,ziv
1,ziconotide
1,zeranol
1,zanubrutinib
1,yucca
1,york
1,yohimbe
1,yellowfin
1,yeasts
1,yam
1,xylazine
1,xanthinol
1,wool
1,witch
1,wisconsin
1,winterfat
1,wing
1,wine
1,whortleberry
1,wheatgrass
1,weakleaf
1,waterhemp
1,wasabi
1,voxilaprevir
1,voxelotor
1,voretigene
1,vonicog
1,vomica
1,vitis
1,viscum
1,vinosa
1,vincristine
1,vinburnine
1,viloxazine
1,viia
1,vii
1,vidarabine
1,vi
1,vestronidase
1,vespid
1,verticillium
1,verde
1,veratrum
1,venison
1,velvet
1,velaglucerase
1,vedolizumab
1,veal
1,vasinfectum
1,variotii
1,vanillyl
1,vanilla
1,vanadium
1,valley
1,valerian
1,valepotriate
1,vacc
1,vaborbactam
1,utah
1,ustekinumab
1,urtica
1,urokinase
1,urofollitropin
1,urea
1,uranium
1,uracil
1,uplandicum
1,upadacitinib
1,undecylenate
1,ulipristal
1,tyrothricin
1,tyr
1,turpentine
1,turnip
1,turmeric
1,turkey
1,tulobuterol
1,tulathromycin
1,troxerutin
1,trout
1,tropicalis
1,tromethamine
1,trolamine
1,troclosene
1,triv
1,trithione
1,trisulfapyrimidine
1,trisilicate
1,trisalicyclate
1,triphosphate
1,trioxide
1,trimethylphloroglucinol
1,trimethoxybenzene
1,trimetazidine
1,trimebutine
1,triflusal
1,trifarotene
1,triethanolamine
1,trientine
1,tricophyton
1,triclabendazole
1,trichlorotrifluoroethane
1,tricarbaurinium
1,tribromophenate
1,tribasic
1,triazulenone
1,transallethrin
1,tragacanth
1,tourmaline
1,torsemide
1,tormentil
1,tonsurans
1,tomato
1,tolu
1,tolperisone
1,toldimfos
1,tocotrienols
1,tocopheryl
1,tocophersolan
1,tocopherols
1,toceranib
1,tobacco
1,tissue
1,tiratricol
1,tinzaparin
1,tincture
1,tin
1,tilmicosin
1,tilia
1,tiletamine
1,tildrakizumab
1,tildipirosin
1,tick
1,tice
1,tibezonium
1,tiaprofenate
1,tiapride
1,tianeptine
1,tiadilon
1,thyroglobulin
1,thymomodulin
1,thymol
1,thurfyl
1,thrombin
1,threonate
1,thonzylamine
1,thonzonium
1,thiphenamil
1,thiosulfate
1,thiosalicylate
1,thiopurinol
1,thiocolchicoside
1,theofibrate
1,thenyldiamine
1,thenoate
1,theanine
1,tezacaftor
1,texas
1,tetrahydrocannabinol
1,tetracoccosporium
1,testosterone
1,test
1,terreus
1,terpin
1,tenecteplase
1,tenapanor
1,telotristat
1,teferrol
1,tecovirimat
1,tasonermin
1,tapioca
1,tangerine
1,tamarack
1,talniflumate
1,tall
1,taliglucerase
1,tailed
1,tagraxofusp
1,syrian
1,syncytial
1,syncephalastrum
1,symphytum
1,sylvestre
1,sydney
1,swordfish
1,sweetleaf
1,superoxide
1,sumac
1,sultilains
1,sulthiame
1,sulfurated
1,sulfonated
1,sulfonate
1,sulfobromophthalein
1,sulfoacetate
1,sulfated
1,sulfanilylurea
1,sulfan
1,sulfaloxate
1,sulfalene
1,sulfaethidole
1,sulbutiamine
1,sugarcane
1,sudan
1,sucroferric
1,succinylsulfathiazole
1,succinylated
1,succinylate
1,succinyl
1,subtilis
1,subsulfate
1,substances
1,substance
1,subcutaneous
1,subcitrate
1,subacetate
1,strontium
1,string
1,strictum
1,streptokinase
1,streptodornase
1,strawberry
1,stomach
1,stock
1,stiripentol
1,stemphyllum
1,stem
1,stanol
1,stannous
1,standardized
1,stain
1,stachybotrys
1,squill
1,squash
1,spruce
1,sprout
1,sporogenes
1,spirulina
1,spirit
1,spiramycin
1,spiny
1,spinach
1,spike
1,spicifer
1,spherule
1,sphaerospermum
1,spermaceti
1,spearmint
1,sp
1,south
1,sour
1,soup
1,somatropin
1,somatrem
1,somatorelin
1,solution
1,solriamfetol
1,solfenacin
1,sole
1,snapper
1,snake
1,smotherweed
1,smelt
1,sm
1,slippery
1,slender
1,slash
1,skullcap
1,sitosterols
1,sitosterol
1,sisomicin
1,sisal
1,sipuleucel
1,siponimod
1,sinecatechins
1,simethicone
1,simaldrate
1,silymarin
1,silybin
1,siltuximab
1,silicones
1,silicofluoride
1,silicate
1,shortleaf
1,shagbark
1,shad
1,sevelamer
1,sesquioxide
1,sesquichlorohydrate
1,sesame
1,serrulata
1,serratiopeptidase
1,septica
1,sennosides
1,semaglutide
1,selinexor
1,selenite
1,selamectin
1,segesterone
1,seedless
1,secukinumab
1,secretin
1,sebelipase
1,scutulatus
1,scorpion
1,scoparium
1,schoenleinii
1,schizandra
1,scarlet
1,saukett
1,sativus
1,sarsaparilla
1,sarracenia
1,sarothroides
1,sarolaner
1,sarilumab
1,sargramostim
1,sarecycline
1,sardine
1,sarciniforme
1,sangre
1,sandbur
1,saltbush
1,salix
1,salicyloyl
1,salicin
1,sagrada
1,saffron
1,sacrosidase
1,saccharated
1,saccharate
1,rubrum
1,rubra
1,roxatidine
1,rot
1,ross
1,rosemary
1,roquefortii
1,romosozumab
1,romiplostim
1,romifidine
1,rocky
1,robustum
1,river
1,risedronate
1,risankizumab
1,rinfabate
1,rimabotulinumtoxinb
1,rilonacept
1,riboflavin
1,ribociclib
1,rho
1,rhizopus
1,reviparin
1,revefenacin
1,reuteri
1,reteplase
1,retapamulin
1,reslizumab
1,resin
1,repens
1,rennet
1,remoxipride
1,relebactam
1,redwood
1,redtop
1,redroot
1,redberry
1,rec
1,rdna
1,raxibacumab
1,ravulizumab
1,rat
1,raspberry
1,rasburicase
1,ranibizumab
1,ramucirumab
1,ramosa
1,ramelteon
1,raltitrexed
1,radium
1,radish
1,racepinephrine
1,racemosus
1,racemosum
1,racemethionine
1,rabacfosadine
1,quinidine
1,queen
1,quackgrass
1,pyruvate
1,pyrophosphate
1,pyroglutamate
1,pyrithioxin
1,pyrisuccideanol
1,pyriforme
1,pyridinolcarbamate
1,pussy
1,purpureus
1,pullularia
1,pteronyssinus
1,psyllium
1,pseudoisocytidine
1,prussian
1,prune
1,providone
1,proteins
1,protamone
1,protamines
1,propylene
1,propolis
1,propinox
1,product
1,procyanidolic
1,proanthocyanidins
1,privet
1,prifinium
1,pretomanid
1,prenylamine
1,pregna
1,prednazoline
1,precipitated
1,pranobex
1,prajmaline
1,prairie
1,pradofloxacin
1,powder
1,poverty
1,povacrylex
1,posterior
1,post
1,poractant
1,populus
1,poppy
1,ponazuril
1,polysulfated
1,polystyrene
1,polysorbates
1,polypodium
1,polyoxyethylene
1,polynoxylin
1,polynicotinate
1,polymer
1,polygeline
1,polyethylenes
1,polycarbophil
1,poloxalene
1,policresulen
1,policosanol
1,polatuzumab
1,poison
1,podophyllum
1,podophyllin
1,pod
1,pm
1,plumbeus
1,plicamycin
1,pleospora
1,plecanatide
1,plazomicin
1,plasmin
1,plasma
1,plantago
1,plains
1,placebo
1,pizotyline
1,pivoxil
1,pituitary
1,pitch
1,pistachio
1,piscivorus
1,pirlimycin
1,pirinitramide
1,piribedil
1,piprozoline
1,pipothiazine
1,piperidolate
1,piperacetazine
1,pipenzolate
1,pipemidate
1,pipazethate
1,pineapple
1,pin
1,pimethixene
1,pike
1,pignut
1,pidotimod
1,picrate
1,picosulfurate
1,picosulfate
1,picolinate
1,pibrentasvir
1,phytosterol
1,phytosphingosine
1,phytic
1,phyllanthus
1,phthalaldehyde
1,phospholipid
1,phosphocysteamine
1,phosphocellulose
1,phosphatidylserines
1,phosphatidylserine
1,phosphatidylinositols
1,phosphatidylethanolamines
1,phosphatides
1,phenylpropionate
1,phenylphenol
1,phenylethyl
1,phenylehrine
1,phenylbutyrate
1,phenoxyethanol
1,phenolsulfonphthalein
1,phenolphthalein
1,phenol
1,phenobarbital
1,pheniramine
1,petiveria
1,peruvian
1,pertuzumab
1,peroxide
1,perniciosus
1,permanganate
1,perchlorate
1,peptonized
1,peptones
1,peptone
1,peptide
1,pepsin
1,pentylenetetrazole
1,pentosan
1,pentastarch
1,penicillin
1,penfluridol
1,pendetide
1,pekoe
1,pegvisomant
1,pegvaliase
1,pegloticase
1,pegfilgrastim
1,pegaspargase
1,pegaptanib
1,pegademase
1,pear
1,peanut
1,peach
1,paxianum
1,pau
1,patisiran
1,patiromer
1,patent
1,pasudotox
1,passion
1,passiflora
1,passalora
1,parsnip
1,paroxypropione
1,parnaparin
1,paregoric
1,parathyroid
1,parakeet
1,paraffin
1,parachlorophenol
1,para
1,paprika
1,paperbark
1,papaveretum
1,papain
1,panitumumab
1,pangamic
1,pancreatin
1,pancreas
1,pamabrom
1,palo
1,palmitoylascorbic
1,palmitoyl
1,pallida
1,palivizumab
1,palifermin
1,pale
1,pafuramidine
1,paecilomyces
1,oxysporum
1,oxyquinolone
1,oxypolygelatine
1,oxyphenonium
1,oxyphenisatin
1,oxyhydroxide
1,oxychlorosene
1,oxybate
1,oxtriphylline
1,oxprenolol
1,oxolamine
1,oxime
1,oxidized
1,oxibendazole
1,oxerutins
1,oxaceprol
1,ovine
1,ospa
1,osage
1,oryzanol
1,orris
1,ornithine
1,ormetoprim
1,origin
1,orgotein
1,oregon
1,orbifloxacin
1,oprelvekin
1,opium
1,opipramol
1,onion
1,oneseed
1,onasemnogene
1,onabotulinumtoxina
1,omalizumab
1,omadacycline
1,oligomer
1,oleoresin
1,olaratumab
1,okra
1,oka
1,ogawa
1,ofatumumab
1,octylonium
1,octacosanol
1,ocriplasmin
1,ocrelizumab
1,oclacitinib
1,ocean
1,obinutuzumab
1,obiltoxaximab
1,obidoxime
1,oats
1,oatmeal
1,nylidrin
1,nux
1,nutmeg
1,nusinersen
1,noxythiolin
1,north
1,normal
1,noradrenaline
1,nonylamide
1,nivolumab
1,nitromersol
1,nitrate
1,nitazoxanide
1,niraparib
1,nigrum
1,nidulans
1,nicotinyl
1,nicotinic
1,nicoboxil
1,nib
1,nialamide
1,new
1,netilmicin
1,netarsudil
1,neparvovec
1,neo
1,nectarine
1,necitumumab
1,navy
1,nattokinase
1,natalizumab
1,narrowleaf
1,naphthenate
1,nalidixate
1,nafronyl
1,nadroparin
1,myrtol
1,myrrh
1,myristate
1,mycocladus
1,muromonab
1,muramidase
1,mung
1,mucopolysaccharides
1,mucopolysaccharide
1,mucilaginosa
1,msd
1,moxisylyte
1,moxidectin
1,moxetumomab
1,mouse
1,moth
1,mosquito
1,mosapride
1,morrhuate
1,morpholine
1,morphine
1,moroxydine
1,morinda
1,montreal
1,montana
1,montagnei
1,monosulfiram
1,monophenylbutazone
1,monooctanoin
1,monolaurate
1,monohydrate
1,monofluorophosphate
1,monoethyl
1,mono
1,monilia
1,mongolian
1,monascus
1,momordicae
1,molgramostim
1,mogamulizumab
1,mofezolac
1,mixture
1,mixed
1,miristalkonium
1,miranol
1,mipomersen
1,miocamycin
1,millet
1,mill
1,mild
1,milbemycin
1,microcrystalline
1,microascus
1,micaceus
1,mht
1,metyrosine
1,metylperon
1,metricus
1,metreleptin
1,methylfolate
1,methylephedrine
1,methyldopate
1,methylbenzethonium
1,methoxy
1,methixene
1,methampicillin
1,methadyl
1,metaclazepam
1,metabisulfite
1,mersalyl
1,merck
1,mercaptobenzothiazole
1,mequinol
1,meptazinol
1,mepolizumab
1,mepirodipine
1,mephenesin
1,mentagrophytes
1,meningitis
1,melon
1,melarsomine
1,mefenidramium
1,mefenamate
1,mef
1,medigoxin
1,mecysteine
1,meclofenamate
1,mebhydroline
1,mebeverine
1,meadow
1,massachusetts
1,maropitant
1,marboxil
1,mangafodipir
1,malate
1,mahoney
1,magaldrate
1,mactans
1,macadamia
1,maca
1,m
1,lyo
1,lynn
1,lyme
1,lycoperdon
1,lyapolate
1,lutropin
1,lutetium
1,lutein
1,luspatercept
1,lusitanicus
1,lunata
1,lucinactant
1,lubiprostone
1,lotilaner
1,longum
1,longleaf
1,longifolia
1,longiflorium
1,lomifylline
1,lombard
1,lodgepole
1,locust
1,loblolly
1,littleseed
1,lipotropic
1,lipids
1,lipid
1,lipegfilgrastim
1,lipase
1,linseed
1,linden
1,lima
1,lilium
1,light
1,lidoflazine
1,levulinic
1,levulinate
1,levorotatory
1,levonordefrin
1,levomethadyl
1,levomefolate
1,levoleucovorin
1,levocetirizine
1,levobetaxolol
1,leucotomos
1,letermovir
1,lep
1,lentil
1,lens
1,lenograstim
1,legume
1,lefamulin
1,leek
1,leaves
1,lcl
1,lavender
1,lauryl
1,lauromacrogols
1,laureth
1,latrodectus
1,latanoprostene
1,lasmiditan
1,larotrectinib
1,laronidase
1,largemouth
1,lapyrium
1,lanthanum
1,lanolin
1,lanadelumab
1,lambs
1,lactobionate
1,lactis
1,lactase
1,laciniosa
1,lachesine
1,krill
1,kola
1,koelers
1,kiwi
1,kininogenase
1,khuskia
1,ketoglutaric
1,keracyanin
1,kelp
1,kapok
1,jute
1,jeryl
1,jerusalem
1,jacket
1,jack
1,ixekizumab
1,ivy
1,ivr
1,iv
1,italicum
1,italian
1,ispaghula
1,isoxsuprine
1,isospaglumic
1,isopropylammonium
1,isopropyl
1,isophane
1,isomyrtol
1,isolate
1,isoflurophate
1,isoflupredone
1,isocarboxazid
1,iso
1,ironedetate
1,irinotecan
1,ipilimumab
1,ipecac
1,ioxithalamate
1,ioxaglate
1,iotroxinate
1,iophendylate
1,iopanoate
1,ion
1,iodoxamid
1,iodophors
1,iodized
1,iodipamide
1,iodinated
1,iodate
1,iocetamic
1,iobenguane
1,invert
1,intrinsic
1,intramuscular
1,intermedia
1,insoluble
1,insect
1,inotuzumab
1,inotersen
1,inosinic
1,inosine
1,ingredients
1,infliximab
1,infantis
1,inert
1,inequalis
1,indigotindisulfonate
1,indian
1,incobotulinumtoxin
1,incarnata
1,inamrinone
1,inaba
1,immunoglobulins
1,immitis
1,imiglucerase
1,imidazole
1,iii
1,ii
1,ifenprodil
1,idursulfase
1,idoxuridine
1,idarucizumab
1,ictasol
1,icosapent
1,icodextrin
1,ichthammol
1,ibalizumab
1,hypomyces
1,hyoscyamus
1,hymenoptera
1,hymecromone
1,hylan
1,hydroxytoluene
1,hydroxyquinoline
1,hydroxypropylcellulose
1,hydroxypropyl
1,hydroxyprogesterone
1,hydroxyethyl
1,hydroxyestrones
1,hydroxybenzoate
1,hydroxyamphetamine
1,hydroxy
1,hydrotalcite
1,hydrolyzed
1,hydrolases
1,hydroiodic
1,hydrogen
1,hydrate
1,hydrastis
1,hybridus
1,hyaluronan
1,husk
1,humicola
1,hum
1,hu
1,horseradish
1,hormones
1,hormodendrum
1,hordei
1,hoodia
1,honeydew
1,honey
1,homosalate
1,homeopathic
1,histoplasmin
1,histolyticum
1,hexylresorcinol
1,hexylnicotinate
1,hexetidine
1,hexahydrate
1,hexafluorenium
1,hetastarch
1,herring
1,herbariorum
1,heptaminol
1,hepatis
1,heparinoids
1,hemostat
1,hemicellulase
1,helminthosporium
1,helicidine
1,heavy
1,heaven
1,health
1,hazel
1,harzianum
1,hard
1,halobetasol
1,halazone
1,haddock
1,hackberry
1,habekacin
1,gymnema
1,guselkumab
1,gugulu
1,guggul
1,guarana
1,guar
1,guaietolin
1,guaiacolsulfonic
1,guaiacolsulfonate
1,guaiacol
1,groundsel
1,grisea
1,griffonia
1,greens
1,greater
1,greasewood
1,gray
1,grapiprant
1,gramicidin
1,grama
1,grado
1,gotu
1,gordonii
1,gonadotropin
1,golimumab
1,goldenrod
1,glycyrrhizic
1,glycyrrhiza
1,glycoside
1,glycosaminoglycan
1,glycopyrronium
1,glycopyrrolate
1,glycoprotein
1,glycine
1,glutaral
1,glutamate
1,glulisine
1,gluconogluceptate
1,glucoheptonic
1,glucoheptonate
1,gluceptate
1,glucarpidase
1,glucarate
1,glubionate
1,glomerata
1,globulus
1,globosum
1,gliquidone
1,glicofosfopeptical
1,glecaprevir
1,glatiramer
1,glargine
1,gland
1,glabra
1,givosiran
1,gitalin
1,gibberella
1,gg
1,gestronol
1,gerbil
1,gepefrine
1,geotrichum
1,gentamicin
1,gemtuzumab
1,gelatins
1,gelatin
1,gel
1,gastric
1,garrys
1,garcinia
1,gamithromycin
1,gamboge
1,gambels
1,galsulfase
1,gallium
1,gallate
1,galcanezumab
1,galactosidase
1,galactogluconate
1,fusafungin
1,fursultiamin
1,fungi
1,fumitory
1,fumigatus
1,fulva
1,fuligo
1,fujikuroi
1,fructooligosaccharide
1,frequentans
1,fremanezumab
1,frangula
1,fragments
1,fraction
1,fostamatinib
1,fosfestrol
1,formic
1,fonazine
1,fomocain
1,fomivirsen
1,fly
1,fluspirilene
1,flury
1,fluralaner
1,fluprednisolone
1,flupirtine
1,fluocortin
1,fludarabine
1,flucloronide
1,floxacillin
1,floccosum
1,flaxseed
1,flavus
1,flavocoxid
1,fivehorn
1,fir
1,filgrastim
1,fig
1,field
1,fibrinolysis
1,feverfew
1,fescue
1,ferumoxytol
1,ferumoxsil
1,ferumoxides
1,fenspiride
1,fennel
1,fenethylline
1,fendiline
1,felbinac
1,fedratinib
1,febantel
1,fe
1,fc
1,farinae
1,faecalis
1,faced
1,fab
1,eyed
1,eyebright
1,eye
1,extractum
1,expansum
1,exenatide
1,evolocumab
1,euphrasia
1,etofylline
1,etofenamate
1,etilefrine
1,ethylnicotinate
1,ethylglycolate
1,ethylbenzyl
1,ethoxazene
1,ethoglucid
1,ethiodized
1,ethaverine
1,ethanolamine
1,ethanol
1,ethamsylate
1,ethamivan
1,eteplirsen
1,etanercept
1,et
1,estrone
1,estrogenic
1,esterified
1,esterase
1,eslicarbazepine
1,erythrosine
1,erysimum
1,erwinia
1,ertugliflozin
1,erenumab
1,erdafitinib
1,eravacycline
1,epsiprantel
1,epigallocatechin
1,epidermophyton
1,epicoccum
1,enzymes
1,enzyme
1,entrectinib
1,enterococcus
1,entecavir
1,endopeptidases
1,enders'
1,encorafenib
1,emtansine
1,emicizumab
1,emericella
1,emblica
1,emapalumab
1,elotuzumab
1,elosulfase
1,elexacaftor
1,elapegademase
1,elagolix
1,eggplant
1,efalizumab
1,edtmp
1,edrecolomab
1,edmonston
1,eculizumab
1,ecallantide
1,duvelisib
1,durapatite
1,dtpa
1,drotrecogin
1,drotaverin
1,dromostanolone
1,dried
1,doxorubicin
1,douglas
1,dornase
1,doravirine
1,domain
1,dolomite
1,dogfennel
1,dodecylbenzenesulfonic
1,docusate
1,docosanol
1,docosaenoic
1,doconexent
1,dobesilic
1,distillate
1,dismutase
1,disease
1,diroximel
1,dirlotapide
1,dipyrone
1,diptheria
1,dipropylacetate
1,dipropylacetamide
1,dipotassium
1,diphemanil
1,diperodon
1,dioxide
1,dione
1,dinutuximab
1,dinoprostone
1,dinoprost
1,dimethyl
1,dimethindene
1,dimethicone
1,diloxanide
1,dill
1,dihydroxybutyl
1,dihydroergotoxine
1,dihydroergocryptine
1,dihydration
1,dihydrate
1,dihematoporphyrin
1,digoxin
1,digitatum
1,digestive
1,diftitox
1,diene
1,dicumarol
1,dicresulene
1,dicobalt
1,dichlorphenamide
1,dichlorotetrafluoroethane
1,dichlorodifluoromethane
1,dichlorobenzyl
1,dichloralphenazone
1,dicalcium
1,dibenzepin
1,diacetylrhein
1,diacetylcysteinate
1,di
1,dextrothyroxine
1,dextrin
1,dextranomer
1,dexfenfluramine
1,devil's
1,deutetrabenazine
1,detomidine
1,detemir
1,desvenlafaxine
1,destructiva
1,deslorelin
1,desiccated
1,desert
1,deoxyribonucleases
1,deoxycorticosterone
1,denosumab
1,denileukin
1,dendryphiella
1,denatured
1,demelverin
1,demecarium
1,deltoides
1,delicious
1,deleted
1,delafloxacin
1,dehydrosanol
1,dehydrocholate
1,degludec
1,defibrotide
1,deet
1,deer
1,decitabine
1,decamethrin
1,deanol
1,dealbata
1,de
1,daunorubicin
1,dasatinib
1,darolutamide
1,dark
1,darbepoetin
1,daratumumab
1,danthron
1,danofloxacin
1,danaparoid
1,damoctocog
1,dalteparin
1,dalfampridine
1,dakota
1,daisy
1,daclizumab
1,d'arco
1,cytomegalovirus
1,cytarabine
1,cysteine
1,cynara
1,cymene
1,cyclosilicate
1,cyclopenthiazide
1,cyclonium
1,cycloadiphenine
1,cycletanide
1,cyathiformis
1,cupric
1,cumin
1,cultured
1,cucumber
1,cryptenamine
1,crotalidae
1,cromoglycate
1,crofelemer
1,crizanlizumab
1,cricket
1,cresyl
1,creosote
1,creosotate
1,creeping
1,crataegus
1,crassa
1,crab
1,cr
1,corymbiferus
1,corticorelin
1,cortex
1,cornstarch
1,cornsilk
1,coriander
1,cordyceps
1,cordis
1,coral
1,coprinus
1,copanlisib
1,cootamundra
1,containing
1,connaught
1,condensate
1,concord
1,compound
1,compactum
1,comfrey
1,colloid
1,colletotrichum
1,colfosceril
1,cola
1,codfish
1,coccodes
1,coccidiodides
1,cobalt
1,coal
1,coagulant
1,coagulans
1,clothiapine
1,clostridium
1,clorsulon
1,clorophene
1,cloprostenol
1,clopamide
1,clofoctol
1,clofezone
1,clofexamide
1,clobutinol
1,clobetasone
1,clioquinol
1,clemizolpenicillin
1,clebopride
1,clam
1,cladosporis
1,cladosoprium
1,city
1,citrifolia
1,citiolone
1,citicoline
1,cinoxate
1,cinnamedrine
1,cinerea
1,cinerariifolium
1,ciloleucel
1,cifenline
1,cidofovir
1,cicloxilic
1,chymotrypsin
1,chymosin
1,chymopapain
1,chromonar
1,chromocarb
1,chromic
1,chromated
1,christchurch
1,chondrocytes
1,choline
1,cholestyramine
1,cholera
1,chlorthenoxazin
1,chlorphenindione
1,chloroxylenol
1,chlorotheophylline
1,chlorothen
1,chloropyramine
1,chlorocresol
1,chlormethiazole
1,chlormadinone
1,chlorhydrate
1,chlorfenethazine
1,chlorcyclizine
1,chlorate
1,chloral
1,chlophedianol
1,chitosan
1,chinquapin
1,chinese
1,chickpea
1,chia
1,chesnut
1,chelate
1,cheat
1,chartarum
1,charcoal
1,channel
1,chaetomium
1,cetuximab
1,cetrimonium
1,cetrimides
1,certoparin
1,cerliponase
1,cerium
1,cerebral
1,ceramides
1,cephalothin
1,centruroides
1,cenegermin
1,cemiplimab
1,cellulase
1,cell
1,celiprolol
1,celery
1,celandine
1,ceftiofur
1,cefovecin
1,cd
1,cauliflower
1,cattail
1,cathine
1,catalase
1,cat's
1,cashew
1,cascara
1,casanthranol
1,carzenide
1,carya
1,carrot
1,carpenter
1,carp
1,carob
1,carnosine
1,carica
1,carboxypolymethylene
1,carboxymaltose
1,carboxylic
1,carboxyethyl
1,carbocysteine
1,carbetapentane
1,carbarson
1,carbapentane
1,carbamide
1,caraway
1,captodiamine
1,capromorelin
1,capromab
1,caplacizumab
1,canyon
1,cantaloupe
1,canis
1,candidum
1,canakinumab
1,canadian
1,canada
1,camylofine
1,camphoric
1,camphor
1,campestris
1,camemberti
1,cambogia
1,cambendazole
1,calvatia
1,calfactant
1,calf
1,calendula
1,calcifediol
1,calaspargase
1,calamine
1,caerulein
1,cadexomer
1,cacao
1,butylvinal
1,butylated
1,button
1,butter
1,buthiazide
1,butetisalicylate
1,butcher's
1,butafosfan
1,butacaine
1,burweed
1,burrobrush
1,burosumab
1,burning
1,burdock
1,bupivacaine
1,bunod
1,bulgaricus
1,buflomedil
1,buckwheat
1,buckthorn
1,buchu
1,bryonia
1,brussels
1,broomweed
1,bromopride
1,bromelains
1,brolucizumab
1,brodalumab
1,broadleaf
1,broad
1,brivudine
1,brigatinib
1,brewer's
1,brevicaulis
1,brentuximab
1,bremelanotide
1,bread
1,bottlebrush
1,botrytis
1,botryosum
1,boswellia
1,boron
1,born
1,bone
1,boiron
1,board
1,bluefish
1,blueberry
1,blossom
1,blite
1,blinatumomab
1,blackberry
1,bitternut
1,bitter
1,bisulfite
1,biskalcitrate
1,bisglycinate
1,bisdequalinium
1,bisabolol
1,bis
1,bioflavonoid
1,bilberry
1,bifidus
1,bifidum
1,bifemelane
1,bictegravir
1,bicolor
1,biclotymol
1,bicarbonate
1,bezlotoxumab
1,bevacizumab
1,betaine
1,betae
1,berlin
1,beractant
1,benzylparaben
1,benzoxonium
1,benzoxiquine
1,benzonidazole
1,benzoin
1,benzoate
1,benzethonium
1,bentoquatam
1,bentgrass
1,benralizumab
1,benphothiamine
1,benperidol
1,benoxinate
1,benfluorex
1,benactyzine
1,bemiparin
1,belimumab
1,belatacept
1,beets
1,beeswax
1,becaplermin
1,bearberry
1,bayberry
1,bay
1,basswood
1,basiliximab
1,basil
1,basic
1,baricitinib
1,barbital
1,barbexaclone
1,barbariae
1,baloxavir
1,bahia
1,baccharis
1,azosemid
1,azficel
1,azelate
1,azacitidine
1,axicabtagene
1,avocado
1,avelumab
1,avatrombopag
1,autologous
1,autogenous
1,austrian
1,australian
1,australia
1,audouinii
1,attapulgite
1,atrum
1,atrox
1,atipamezole
1,atezolizumab
1,aspirin
1,aspen
1,asparto
1,asparagus
1,asfotase
1,asafetida
1,artichoke
1,articaine
1,arsenic
1,arroyo
1,arginate
1,ardeparin
1,arachis
1,arabica
1,arabic
1,aprotinin
1,apricot
1,apiospora
1,apalutamide
1,antitrypsin
1,antithrombin
1,antirabies
1,antimony
1,antimoniate
1,antilymphocyte
1,antihuman
1,antigens
1,antibodies
1,anthraquinone
1,annual
1,anistreplase
1,anisotropine
1,anise
1,animalis
1,angelica
1,anethole
1,androstenedione
1,andexanet
1,ancrod
1,ancestim
1,anas
1,anamu
1,analog
1,anakinra
1,amylocaine
1,amylases
1,amylase
1,amphetaminil
1,ammoniated
1,aminosalicylic
1,aminosalicylate
1,aminoquinuride
1,aminopyrine
1,aminopentamide
1,aminomethylbenzoic
1,aminolevulinic
1,aminolevulinate
1,aminohydroxybutyric
1,aminoethyl
1,aminocaproate
1,aminobutyrate
1,aminoacetate
1,amino
1,amineptin
1,aminacrine
1,amilomer
1,amikacin
1,amidoline
1,ambroxol
1,amaranthus
1,aluminate
1,alum
1,altretamine
1,altrenogest
1,althiazide
1,alternata
1,alteplase
1,alseroxylon
1,alpelisib
1,aloxiprin
1,aloglutamol
1,alnus
1,almond
1,allyl
1,allspice
1,allscale
1,alloin
1,alliacea
1,alkyl
1,alkali
1,alizapride
1,alitretinoin
1,alirocumab
1,alglucosidase
1,alglucerase
1,alginate
1,algal
1,alfaxalone
1,alfacon
1,alendronate
1,alemtuzumab
1,alefacept
1,aldioxa
1,aldesleukin
1,alcloxa
1,albutrepenonacog
1,album
1,albo
1,agkistrodon
1,aggregated
1,agents
1,agaricus
1,agalsidase
1,africanum
1,african
1,afoxolaner
1,adsorbed
1,adrenocorticotropin
1,adrenal
1,ado
1,adiphenine
1,adipate
1,adiastatic
1,adenosine
1,adamanteus
1,adalimumab
1,acth
1,acrothecium
1,acrisorcin
1,acriflavine
1,acremonium
1,aconite
1,aclarubicin
1,acipimox
1,acidulated
1,acidophilus
1,acetyldigoxins
1,acetyldigitoxin
1,acetotartrate
1,acetorphan
1,acetic
1,acetiamine
1,acetanilide
1,acellular
1,acalabrutinib
1,acai
1,absidia
1,abobotulinumtoxina
1,abeparvovec
1,abemaciclib
1,abciximab
1,abatacept
1,abaloparatide